
sourcing "/nix/store/jcyzc7y39jw3bziwdywi97siaasmd87c-neovim-unwrapped-0.10.3/share/nvim/runtime/ftplugin.vim"
finished sourcing /nix/store/jcyzc7y39jw3bziwdywi97siaasmd87c-neovim-unwrapped-0.10.3/share/nvim/runtime/ftplugin.vim
sourcing "/nix/store/jcyzc7y39jw3bziwdywi97siaasmd87c-neovim-unwrapped-0.10.3/share/nvim/runtime/indent.vim"
finished sourcing /nix/store/jcyzc7y39jw3bziwdywi97siaasmd87c-neovim-unwrapped-0.10.3/share/nvim/runtime/indent.vim
sourcing "/nix/store/jrp189vj3vjcwlawcm6s4kgmhkzd2yw6-init.lua"
Reading spell file "/nix/store/jcyzc7y39jw3bziwdywi97siaasmd87c-neovim-unwrapped-0.10.3/share/nvim/runtime/spell/en.utf-8.spl"
not found in runtime path: "spell/en.utf-8.add.spl"
line 0: sourcing "/nix/store/g8nh6vzamycdfxydwrmwkcc36fh5imqa-vim-pack-dir/pack/myNeovimPackages/start/vimplugin-everforest-nvim/colors/everforest.lua"
finished sourcing /nix/store/g8nh6vzamycdfxydwrmwkcc36fh5imqa-vim-pack-dir/pack/myNeovimPackages/start/vimplugin-everforest-nvim/colors/everforest.lua
continuing in nvim_exec2() called at /nix/store/jrp189vj3vjcwlawcm6s4kgmhkzd2yw6-init.lua:0
not found in runtime path: "lua/lualine/components/.lua"
not found in runtime path: "lua/lualine/components//init.lua"
not found in runtime path: "lua/lualine/components/.lua"
not found in runtime path: "lua/lualine/components//init.lua"
not found in runtime path: "lua/lualine/components/.lua"
not found in runtime path: "lua/lualine/components//init.lua"
--- Autocommands ---
--- Autocommands ---
lualine  BufEnter
    *         lua require'lualine.components.branch.git_branch'.find_git_dir()
	Last set from ~/neovim-nix/vim/_editor.lua
--- Autocommands ---
not found in runtime path: "lua/lualine/components/.lua"
not found in runtime path: "lua/lualine/components//init.lua"
not found in runtime path: "lua/lualine/components/.lua"
not found in runtime path: "lua/lualine/components//init.lua"
Executing command: "[[ ${BASH_VERSINFO[0]} -ge 4 ]] && shopt -s globstar; vimglob() { while [ $# -ge 1 ]; do echo "$1"; shift; done }; vimglob >/tmp/nix-shell.mKvNEq/nvim.ulins/VxV0rC/0 $XDG_CONFIG_HOME"

finished sourcing /nix/store/jrp189vj3vjcwlawcm6s4kgmhkzd2yw6-init.lua
sourcing "/nix/store/jcyzc7y39jw3bziwdywi97siaasmd87c-neovim-unwrapped-0.10.3/share/nvim/runtime/filetype.lua"
line 0: sourcing "/nix/store/m9m9pacsr448w6r231g1ddj167mrr036-ghostty-1.0.2/share/nvim/site/ftdetect/ghostty.vim"
finished sourcing /nix/store/m9m9pacsr448w6r231g1ddj167mrr036-ghostty-1.0.2/share/nvim/site/ftdetect/ghostty.vim
continuing in nvim_exec2() called at /nix/store/jcyzc7y39jw3bziwdywi97siaasmd87c-neovim-unwrapped-0.10.3/share/nvim/runtime/filetype.lua:0
line 0: sourcing "/etc/profiles/per-user/ulins/share/nvim/site/ftdetect/ghostty.vim"
finished sourcing /etc/profiles/per-user/ulins/share/nvim/site/ftdetect/ghostty.vim
continuing in nvim_exec2() called at /nix/store/jcyzc7y39jw3bziwdywi97siaasmd87c-neovim-unwrapped-0.10.3/share/nvim/runtime/filetype.lua:0
finished sourcing /nix/store/jcyzc7y39jw3bziwdywi97siaasmd87c-neovim-unwrapped-0.10.3/share/nvim/runtime/filetype.lua
sourcing "/nix/store/g8nh6vzamycdfxydwrmwkcc36fh5imqa-vim-pack-dir/pack/myNeovimPackages/start/nvim-treesitter/autoload/nvim_treesitter.vim"
finished sourcing /nix/store/g8nh6vzamycdfxydwrmwkcc36fh5imqa-vim-pack-dir/pack/myNeovimPackages/start/nvim-treesitter/autoload/nvim_treesitter.vim
sourcing "/nix/store/jcyzc7y39jw3bziwdywi97siaasmd87c-neovim-unwrapped-0.10.3/share/nvim/runtime/syntax/syntax.vim"
line 20: sourcing "/nix/store/jcyzc7y39jw3bziwdywi97siaasmd87c-neovim-unwrapped-0.10.3/share/nvim/runtime/syntax/synload.vim"
finished sourcing /nix/store/jcyzc7y39jw3bziwdywi97siaasmd87c-neovim-unwrapped-0.10.3/share/nvim/runtime/syntax/synload.vim
continuing in /nix/store/jcyzc7y39jw3bziwdywi97siaasmd87c-neovim-unwrapped-0.10.3/share/nvim/runtime/syntax/syntax.vim
Executing FileType Autocommands for "*"
autocommand if !exists('b:ts_highlight') | 0verbose exe "set syntax=" . expand("<amatch>") | endif

finished sourcing /nix/store/jcyzc7y39jw3bziwdywi97siaasmd87c-neovim-unwrapped-0.10.3/share/nvim/runtime/syntax/syntax.vim
sourcing "/etc/profiles/per-user/ulins/share/nvim/site/plugin/fzf.vim"
finished sourcing /etc/profiles/per-user/ulins/share/nvim/site/plugin/fzf.vim
sourcing "/nix/store/jcyzc7y39jw3bziwdywi97siaasmd87c-neovim-unwrapped-0.10.3/share/nvim/runtime/plugin/gzip.vim"
finished sourcing /nix/store/jcyzc7y39jw3bziwdywi97siaasmd87c-neovim-unwrapped-0.10.3/share/nvim/runtime/plugin/gzip.vim
sourcing "/nix/store/jcyzc7y39jw3bziwdywi97siaasmd87c-neovim-unwrapped-0.10.3/share/nvim/runtime/plugin/matchit.vim"
not found in 'packpath': "pack/*/start/matchit"
line 3: sourcing "/nix/store/jcyzc7y39jw3bziwdywi97siaasmd87c-neovim-unwrapped-0.10.3/share/nvim/runtime/pack/dist/opt/matchit/plugin/matchit.vim"
finished sourcing /nix/store/jcyzc7y39jw3bziwdywi97siaasmd87c-neovim-unwrapped-0.10.3/share/nvim/runtime/pack/dist/opt/matchit/plugin/matchit.vim
continuing in /nix/store/jcyzc7y39jw3bziwdywi97siaasmd87c-neovim-unwrapped-0.10.3/share/nvim/runtime/plugin/matchit.vim
finished sourcing /nix/store/jcyzc7y39jw3bziwdywi97siaasmd87c-neovim-unwrapped-0.10.3/share/nvim/runtime/plugin/matchit.vim
sourcing "/nix/store/jcyzc7y39jw3bziwdywi97siaasmd87c-neovim-unwrapped-0.10.3/share/nvim/runtime/plugin/matchparen.vim"
finished sourcing /nix/store/jcyzc7y39jw3bziwdywi97siaasmd87c-neovim-unwrapped-0.10.3/share/nvim/runtime/plugin/matchparen.vim
sourcing "/nix/store/jcyzc7y39jw3bziwdywi97siaasmd87c-neovim-unwrapped-0.10.3/share/nvim/runtime/plugin/netrwPlugin.vim"
finished sourcing /nix/store/jcyzc7y39jw3bziwdywi97siaasmd87c-neovim-unwrapped-0.10.3/share/nvim/runtime/plugin/netrwPlugin.vim
sourcing "/nix/store/jcyzc7y39jw3bziwdywi97siaasmd87c-neovim-unwrapped-0.10.3/share/nvim/runtime/plugin/rplugin.vim"
line 3: sourcing "/nix/store/9jh1w5mr6wl13k93dxpnzxsjcva2rj8f-neovim-0.10.3/rplugin.vim"
finished sourcing /nix/store/9jh1w5mr6wl13k93dxpnzxsjcva2rj8f-neovim-0.10.3/rplugin.vim
continuing in <SNR>46_LoadRemotePlugins
  1: ~/neovim-nix/vim/_defaults.lua
  2: /nix/store/jcyzc7y39jw3bziwdywi97siaasmd87c-neovim-unwrapped-0.10.3/share/nvim/runtime/ftplugin.vim
  3: /nix/store/jcyzc7y39jw3bziwdywi97siaasmd87c-neovim-unwrapped-0.10.3/share/nvim/runtime/indent.vim
  4: /nix/store/jrp189vj3vjcwlawcm6s4kgmhkzd2yw6-init.lua
  5: /nix/store/zk7fa4g5f01da0w5h3iy9s8xmp3wd0c3-vimplugin-everforest-nvim/colors/everforest.lua
  6: /nix/store/zk7fa4g5f01da0w5h3iy9s8xmp3wd0c3-vimplugin-everforest-nvim/lua/everforest/util.lua
  7: /nix/store/yd09pwvnl6zpccwqvzqlfg720r6yxrxz-vimplugin-nvim-web-devicons-2024-12-26/lua/nvim-web-devicons.lua
  8: /nix/store/mwkvrdqyqyw65hbcc3icyhrvgdrwdjb9-vimplugin-mini.nvim-2024-12-27/lua/mini/pairs.lua
  9: /nix/store/lz97568s2bs6v0p09ah1rxvgzk616f3k-vimplugin-lua5.1-nvim-cmp-scm-1-unstable-2024-12-20/lua/cmp/utils/async.lua
 10: /nix/store/lz97568s2bs6v0p09ah1rxvgzk616f3k-vimplugin-lua5.1-nvim-cmp-scm-1-unstable-2024-12-20/lua/cmp/utils/autocmd.lua
 11: /nix/store/sq4y5q86xr40ak21j9zl2k9lgq02k0nj-vimplugin-which-key.nvim-2024-12-15/lua/which-key/config.lua
 12: /nix/store/mcgnzmxqa2l3ms8v0rpx9421wplir1in-vimplugin-telescope-frecency.nvim-2024-12-21/lua/frecency/init.lua
 13: /nix/store/jcyzc7y39jw3bziwdywi97siaasmd87c-neovim-unwrapped-0.10.3/share/nvim/runtime/lua/vim/lsp.lua
 14: /nix/store/91fqgmypii2ky09pl81hq40hd0misqxi-vimplugin-snacks.nvim-2024-12-20/lua/snacks/init.lua
 15: /nix/store/1ws2s7msvijzjkzfsdmdj5f6wj91mrim-vimplugin-lua5.1-luasnip-2.3.0-1-unstable-2024-12-02/lua/luasnip/loaders/fs_watchers.lua
 16: /nix/store/1ws2s7msvijzjkzfsdmdj5f6wj91mrim-vimplugin-lua5.1-luasnip-2.3.0-1-unstable-2024-12-02/lua/luasnip/config.lua
 17: ~/neovim-nix/vim/_editor.lua
 18: /nix/store/2bn6jl7c45656cxybbgjgiygmbl348g4-vimplugin-lualine.nvim-2024-11-08/lua/lualine/utils/nvim_opts.lua
 19: /nix/store/sk974nh78bzbxmzfkx00fj3lm6xarjwz-vimplugin-lua5.1-gitsigns.nvim-scm-1-unstable-2024-11-23/lua/gitsigns.lua
 20: /nix/store/sk974nh78bzbxmzfkx00fj3lm6xarjwz-vimplugin-lua5.1-gitsigns.nvim-scm-1-unstable-2024-11-23/lua/gitsigns/highlight.lua
 21: /nix/store/ylib7pcsqalazmxadnvpgpn3hbqajswd-vimplugin-copilot-cmp-2024-12-11/lua/copilot_cmp/init.lua
 22: /nix/store/adnkx0qf4f05dsij1v4b1mwfp08p9rrk-vimplugin-CopilotChat.nvim-2024-12-14/lua/CopilotChat/init.lua
 23: /nix/store/3927gjxvv7nqrg9ys0x1ad0zg4yy79zp-vimplugin-better-escape.nvim-2024-11-01/lua/better_escape.lua
 24: /nix/store/5hr1lcdi61j8j8ll6wsrx4v6fbpvj9yq-vimplugin-nvim-lspconfig-2024-12-28/lua/lspconfig/configs.lua
 25: /nix/store/fzyviyaksq3mc5bc8q3450fnz8zsvh11-vimplugin-diffview.nvim-2024-06-13/lua/diffview/logger.lua
 26: /nix/store/fzyviyaksq3mc5bc8q3450fnz8zsvh11-vimplugin-diffview.nvim-2024-06-13/lua/diffview/hl.lua
 27: /nix/store/fzyviyaksq3mc5bc8q3450fnz8zsvh11-vimplugin-diffview.nvim-2024-06-13/lua/diffview/init.lua
 28: /nix/store/1z7fdwla0n0ffc1nsk7xaqsl9mw8nc66-vimplugin-copilot.lua-2024-12-23/lua/copilot/highlight.lua
 29: /nix/store/1z7fdwla0n0ffc1nsk7xaqsl9mw8nc66-vimplugin-copilot.lua-2024-12-23/lua/copilot/client.lua
 30: /nix/store/5xxjh2pxvbyqs3a17ggwg5pfqkmc5ckl-vimplugin-diagflow/lua/diagflow/lazy.lua
 31: /nix/store/jcyzc7y39jw3bziwdywi97siaasmd87c-neovim-unwrapped-0.10.3/share/nvim/runtime/lua/vim/diagnostic.lua
 32: /nix/store/93y8bh03l5281d6nm38x1m325vj84y39-vimplugin-eyeliner/lua/eyeliner/shared.lua
 33: /nix/store/93y8bh03l5281d6nm38x1m325vj84y39-vimplugin-eyeliner/lua/eyeliner/main.lua
 34: /nix/store/93y8bh03l5281d6nm38x1m325vj84y39-vimplugin-eyeliner/lua/eyeliner/on-key.lua
 35: /nix/store/jcyzc7y39jw3bziwdywi97siaasmd87c-neovim-unwrapped-0.10.3/share/nvim/runtime/filetype.lua
 36: /nix/store/m9m9pacsr448w6r231g1ddj167mrr036-ghostty-1.0.2/share/nvim/site/ftdetect/ghostty.vim
 37: /nix/store/mdzi5blyabghz2a14pk1jnwkr335rl4f-vimplugin-nvim-treesitter-2024-12-28/autoload/nvim_treesitter.vim
 38: /nix/store/jcyzc7y39jw3bziwdywi97siaasmd87c-neovim-unwrapped-0.10.3/share/nvim/runtime/syntax/syntax.vim
 39: /nix/store/jcyzc7y39jw3bziwdywi97siaasmd87c-neovim-unwrapped-0.10.3/share/nvim/runtime/syntax/synload.vim
 40: /nix/store/qb76l3bdjlld3xdvr2clbqwsi8l1rh5j-fzf-0.57.0/share/vim-plugins/fzf/plugin/fzf.vim
 41: /nix/store/jcyzc7y39jw3bziwdywi97siaasmd87c-neovim-unwrapped-0.10.3/share/nvim/runtime/plugin/gzip.vim
 42: /nix/store/jcyzc7y39jw3bziwdywi97siaasmd87c-neovim-unwrapped-0.10.3/share/nvim/runtime/plugin/matchit.vim
 43: /nix/store/jcyzc7y39jw3bziwdywi97siaasmd87c-neovim-unwrapped-0.10.3/share/nvim/runtime/pack/dist/opt/matchit/plugin/matchit.vim
 44: /nix/store/jcyzc7y39jw3bziwdywi97siaasmd87c-neovim-unwrapped-0.10.3/share/nvim/runtime/plugin/matchparen.vim
 45: /nix/store/jcyzc7y39jw3bziwdywi97siaasmd87c-neovim-unwrapped-0.10.3/share/nvim/runtime/plugin/netrwPlugin.vim
 46: /nix/store/jcyzc7y39jw3bziwdywi97siaasmd87c-neovim-unwrapped-0.10.3/share/nvim/runtime/plugin/rplugin.vim
 47: /nix/store/9jh1w5mr6wl13k93dxpnzxsjcva2rj8f-neovim-0.10.3/rplugin.vim
finished sourcing /nix/store/jcyzc7y39jw3bziwdywi97siaasmd87c-neovim-unwrapped-0.10.3/share/nvim/runtime/plugin/rplugin.vim
sourcing "/nix/store/jcyzc7y39jw3bziwdywi97siaasmd87c-neovim-unwrapped-0.10.3/share/nvim/runtime/plugin/shada.vim"
finished sourcing /nix/store/jcyzc7y39jw3bziwdywi97siaasmd87c-neovim-unwrapped-0.10.3/share/nvim/runtime/plugin/shada.vim
sourcing "/nix/store/jcyzc7y39jw3bziwdywi97siaasmd87c-neovim-unwrapped-0.10.3/share/nvim/runtime/plugin/spellfile.vim"
finished sourcing /nix/store/jcyzc7y39jw3bziwdywi97siaasmd87c-neovim-unwrapped-0.10.3/share/nvim/runtime/plugin/spellfile.vim
sourcing "/nix/store/jcyzc7y39jw3bziwdywi97siaasmd87c-neovim-unwrapped-0.10.3/share/nvim/runtime/plugin/tarPlugin.vim"
finished sourcing /nix/store/jcyzc7y39jw3bziwdywi97siaasmd87c-neovim-unwrapped-0.10.3/share/nvim/runtime/plugin/tarPlugin.vim
sourcing "/nix/store/jcyzc7y39jw3bziwdywi97siaasmd87c-neovim-unwrapped-0.10.3/share/nvim/runtime/plugin/tutor.vim"
finished sourcing /nix/store/jcyzc7y39jw3bziwdywi97siaasmd87c-neovim-unwrapped-0.10.3/share/nvim/runtime/plugin/tutor.vim
sourcing "/nix/store/jcyzc7y39jw3bziwdywi97siaasmd87c-neovim-unwrapped-0.10.3/share/nvim/runtime/plugin/zipPlugin.vim"
finished sourcing /nix/store/jcyzc7y39jw3bziwdywi97siaasmd87c-neovim-unwrapped-0.10.3/share/nvim/runtime/plugin/zipPlugin.vim
sourcing "/nix/store/jcyzc7y39jw3bziwdywi97siaasmd87c-neovim-unwrapped-0.10.3/share/nvim/runtime/plugin/editorconfig.lua"
finished sourcing /nix/store/jcyzc7y39jw3bziwdywi97siaasmd87c-neovim-unwrapped-0.10.3/share/nvim/runtime/plugin/editorconfig.lua
sourcing "/nix/store/jcyzc7y39jw3bziwdywi97siaasmd87c-neovim-unwrapped-0.10.3/share/nvim/runtime/plugin/man.lua"
finished sourcing /nix/store/jcyzc7y39jw3bziwdywi97siaasmd87c-neovim-unwrapped-0.10.3/share/nvim/runtime/plugin/man.lua
sourcing "/nix/store/jcyzc7y39jw3bziwdywi97siaasmd87c-neovim-unwrapped-0.10.3/share/nvim/runtime/plugin/osc52.lua"
finished sourcing /nix/store/jcyzc7y39jw3bziwdywi97siaasmd87c-neovim-unwrapped-0.10.3/share/nvim/runtime/plugin/osc52.lua
sourcing "/nix/store/jcyzc7y39jw3bziwdywi97siaasmd87c-neovim-unwrapped-0.10.3/share/nvim/runtime/plugin/tohtml.lua"
finished sourcing /nix/store/jcyzc7y39jw3bziwdywi97siaasmd87c-neovim-unwrapped-0.10.3/share/nvim/runtime/plugin/tohtml.lua
sourcing "/nix/store/h4f2inlhpw0ffldl44pr0668mff9gpvv-packdir-start/pack/myNeovimPackages/start/copilot.lua/plugin/copilot.lua"
finished sourcing /nix/store/h4f2inlhpw0ffldl44pr0668mff9gpvv-packdir-start/pack/myNeovimPackages/start/copilot.lua/plugin/copilot.lua
sourcing "/nix/store/h4f2inlhpw0ffldl44pr0668mff9gpvv-packdir-start/pack/myNeovimPackages/start/diffview.nvim/plugin/diffview.lua"
finished sourcing /nix/store/h4f2inlhpw0ffldl44pr0668mff9gpvv-packdir-start/pack/myNeovimPackages/start/diffview.nvim/plugin/diffview.lua
sourcing "/nix/store/h4f2inlhpw0ffldl44pr0668mff9gpvv-packdir-start/pack/myNeovimPackages/start/luasnip/plugin/luasnip.vim"
finished sourcing /nix/store/h4f2inlhpw0ffldl44pr0668mff9gpvv-packdir-start/pack/myNeovimPackages/start/luasnip/plugin/luasnip.vim
sourcing "/nix/store/h4f2inlhpw0ffldl44pr0668mff9gpvv-packdir-start/pack/myNeovimPackages/start/luasnip/plugin/luasnip.lua"
finished sourcing /nix/store/h4f2inlhpw0ffldl44pr0668mff9gpvv-packdir-start/pack/myNeovimPackages/start/luasnip/plugin/luasnip.lua
sourcing "/nix/store/h4f2inlhpw0ffldl44pr0668mff9gpvv-packdir-start/pack/myNeovimPackages/start/nvim-cmp/plugin/cmp.lua"
finished sourcing /nix/store/h4f2inlhpw0ffldl44pr0668mff9gpvv-packdir-start/pack/myNeovimPackages/start/nvim-cmp/plugin/cmp.lua
sourcing "/nix/store/h4f2inlhpw0ffldl44pr0668mff9gpvv-packdir-start/pack/myNeovimPackages/start/nvim-lspconfig/plugin/lspconfig.lua"
finished sourcing /nix/store/h4f2inlhpw0ffldl44pr0668mff9gpvv-packdir-start/pack/myNeovimPackages/start/nvim-lspconfig/plugin/lspconfig.lua
sourcing "/nix/store/h4f2inlhpw0ffldl44pr0668mff9gpvv-packdir-start/pack/myNeovimPackages/start/nvim-treesitter/plugin/nvim-treesitter.lua"
finished sourcing /nix/store/h4f2inlhpw0ffldl44pr0668mff9gpvv-packdir-start/pack/myNeovimPackages/start/nvim-treesitter/plugin/nvim-treesitter.lua
sourcing "/nix/store/h4f2inlhpw0ffldl44pr0668mff9gpvv-packdir-start/pack/myNeovimPackages/start/nvim-treesitter-textobjects/plugin/nvim-treesitter-textobjects.vim"
finished sourcing /nix/store/h4f2inlhpw0ffldl44pr0668mff9gpvv-packdir-start/pack/myNeovimPackages/start/nvim-treesitter-textobjects/plugin/nvim-treesitter-textobjects.vim
sourcing "/nix/store/h4f2inlhpw0ffldl44pr0668mff9gpvv-packdir-start/pack/myNeovimPackages/start/nvim-web-devicons/plugin/nvim-web-devicons.vim"
finished sourcing /nix/store/h4f2inlhpw0ffldl44pr0668mff9gpvv-packdir-start/pack/myNeovimPackages/start/nvim-web-devicons/plugin/nvim-web-devicons.vim
sourcing "/nix/store/h4f2inlhpw0ffldl44pr0668mff9gpvv-packdir-start/pack/myNeovimPackages/start/plenary.nvim/plugin/plenary.vim"
finished sourcing /nix/store/h4f2inlhpw0ffldl44pr0668mff9gpvv-packdir-start/pack/myNeovimPackages/start/plenary.nvim/plugin/plenary.vim
sourcing "/nix/store/h4f2inlhpw0ffldl44pr0668mff9gpvv-packdir-start/pack/myNeovimPackages/start/rainbow-delimiters.nvim/plugin/rainbow-delimiters.lua"
finished sourcing /nix/store/h4f2inlhpw0ffldl44pr0668mff9gpvv-packdir-start/pack/myNeovimPackages/start/rainbow-delimiters.nvim/plugin/rainbow-delimiters.lua
sourcing "/nix/store/h4f2inlhpw0ffldl44pr0668mff9gpvv-packdir-start/pack/myNeovimPackages/start/snacks.nvim/plugin/snacks.lua"
finished sourcing /nix/store/h4f2inlhpw0ffldl44pr0668mff9gpvv-packdir-start/pack/myNeovimPackages/start/snacks.nvim/plugin/snacks.lua
sourcing "/nix/store/h4f2inlhpw0ffldl44pr0668mff9gpvv-packdir-start/pack/myNeovimPackages/start/telescope.nvim/plugin/telescope.lua"
finished sourcing /nix/store/h4f2inlhpw0ffldl44pr0668mff9gpvv-packdir-start/pack/myNeovimPackages/start/telescope.nvim/plugin/telescope.lua
sourcing "/nix/store/h4f2inlhpw0ffldl44pr0668mff9gpvv-packdir-start/pack/myNeovimPackages/start/vim-illuminate/plugin/illuminate.vim"
finished sourcing /nix/store/h4f2inlhpw0ffldl44pr0668mff9gpvv-packdir-start/pack/myNeovimPackages/start/vim-illuminate/plugin/illuminate.vim
sourcing "/nix/store/h4f2inlhpw0ffldl44pr0668mff9gpvv-packdir-start/pack/myNeovimPackages/start/vimplugin-bufsurf/plugin/bufsurf.vim"
finished sourcing /nix/store/h4f2inlhpw0ffldl44pr0668mff9gpvv-packdir-start/pack/myNeovimPackages/start/vimplugin-bufsurf/plugin/bufsurf.vim
sourcing "/nix/store/h4f2inlhpw0ffldl44pr0668mff9gpvv-packdir-start/pack/myNeovimPackages/start/vimplugin-diagflow/plugin/diagflow.vim"
finished sourcing /nix/store/h4f2inlhpw0ffldl44pr0668mff9gpvv-packdir-start/pack/myNeovimPackages/start/vimplugin-diagflow/plugin/diagflow.vim
sourcing "/nix/store/h4f2inlhpw0ffldl44pr0668mff9gpvv-packdir-start/pack/myNeovimPackages/start/vimplugin-eyeliner/plugin/init.lua"
finished sourcing /nix/store/h4f2inlhpw0ffldl44pr0668mff9gpvv-packdir-start/pack/myNeovimPackages/start/vimplugin-eyeliner/plugin/init.lua
sourcing "/nix/store/h4f2inlhpw0ffldl44pr0668mff9gpvv-packdir-start/pack/myNeovimPackages/start/which-key.nvim/plugin/which-key.lua"
finished sourcing /nix/store/h4f2inlhpw0ffldl44pr0668mff9gpvv-packdir-start/pack/myNeovimPackages/start/which-key.nvim/plugin/which-key.lua
not found in 'packpath': "start/*"
sourcing "/nix/store/g8nh6vzamycdfxydwrmwkcc36fh5imqa-vim-pack-dir/pack/myNeovimPackages/start/cmp-buffer/after/plugin/cmp_buffer.lua"
finished sourcing /nix/store/g8nh6vzamycdfxydwrmwkcc36fh5imqa-vim-pack-dir/pack/myNeovimPackages/start/cmp-buffer/after/plugin/cmp_buffer.lua
sourcing "/nix/store/g8nh6vzamycdfxydwrmwkcc36fh5imqa-vim-pack-dir/pack/myNeovimPackages/start/cmp-calc/after/plugin/cmp_calc.lua"
finished sourcing /nix/store/g8nh6vzamycdfxydwrmwkcc36fh5imqa-vim-pack-dir/pack/myNeovimPackages/start/cmp-calc/after/plugin/cmp_calc.lua
sourcing "/nix/store/g8nh6vzamycdfxydwrmwkcc36fh5imqa-vim-pack-dir/pack/myNeovimPackages/start/cmp-cmdline/after/plugin/cmp_cmdline.lua"
finished sourcing /nix/store/g8nh6vzamycdfxydwrmwkcc36fh5imqa-vim-pack-dir/pack/myNeovimPackages/start/cmp-cmdline/after/plugin/cmp_cmdline.lua
sourcing "/nix/store/g8nh6vzamycdfxydwrmwkcc36fh5imqa-vim-pack-dir/pack/myNeovimPackages/start/cmp-emoji/after/plugin/cmp_emoji.lua"
finished sourcing /nix/store/g8nh6vzamycdfxydwrmwkcc36fh5imqa-vim-pack-dir/pack/myNeovimPackages/start/cmp-emoji/after/plugin/cmp_emoji.lua
sourcing "/nix/store/g8nh6vzamycdfxydwrmwkcc36fh5imqa-vim-pack-dir/pack/myNeovimPackages/start/cmp-latex-symbols/after/plugin/cmp_latex.lua"
finished sourcing /nix/store/g8nh6vzamycdfxydwrmwkcc36fh5imqa-vim-pack-dir/pack/myNeovimPackages/start/cmp-latex-symbols/after/plugin/cmp_latex.lua
sourcing "/nix/store/g8nh6vzamycdfxydwrmwkcc36fh5imqa-vim-pack-dir/pack/myNeovimPackages/start/cmp-nvim-lsp/after/plugin/cmp_nvim_lsp.lua"
finished sourcing /nix/store/g8nh6vzamycdfxydwrmwkcc36fh5imqa-vim-pack-dir/pack/myNeovimPackages/start/cmp-nvim-lsp/after/plugin/cmp_nvim_lsp.lua
sourcing "/nix/store/g8nh6vzamycdfxydwrmwkcc36fh5imqa-vim-pack-dir/pack/myNeovimPackages/start/cmp-path/after/plugin/cmp_path.lua"
finished sourcing /nix/store/g8nh6vzamycdfxydwrmwkcc36fh5imqa-vim-pack-dir/pack/myNeovimPackages/start/cmp-path/after/plugin/cmp_path.lua
sourcing "/nix/store/g8nh6vzamycdfxydwrmwkcc36fh5imqa-vim-pack-dir/pack/myNeovimPackages/start/cmp-spell/after/plugin/cmp-spell.lua"
finished sourcing /nix/store/g8nh6vzamycdfxydwrmwkcc36fh5imqa-vim-pack-dir/pack/myNeovimPackages/start/cmp-spell/after/plugin/cmp-spell.lua
sourcing "/nix/store/g8nh6vzamycdfxydwrmwkcc36fh5imqa-vim-pack-dir/pack/myNeovimPackages/start/cmp_luasnip/after/plugin/cmp_luasnip.lua"
finished sourcing /nix/store/g8nh6vzamycdfxydwrmwkcc36fh5imqa-vim-pack-dir/pack/myNeovimPackages/start/cmp_luasnip/after/plugin/cmp_luasnip.lua
Reading ShaDa file "/home/ulins/.local/state/nvim/shada/main.shada" info marks oldfiles
Executing BufWinEnter Autocommands for "*"
autocommand <Lua 50: /nix/store/g8nh6vzamycdfxydwrmwkcc36fh5imqa-vim-pack-dir/pack/myNeovimPackages/start/telescope-frecency.nvim/lua/frecency/init.lua:82>

Executing BufWinEnter Autocommands for "*"
autocommand autocmd SafeState * ++once call s:Highlight_Matching_Pair()

Executing BufWinEnter Autocommands for "*"
autocommand <Lua 211: /nix/store/1ws2s7msvijzjkzfsdmdj5f6wj91mrim-vimplugin-lua5.1-luasnip-2.3.0-1-unstable-2024-12-02/plugin/luasnip.lua:77>

Executing BufWinEnter Autocommands for "*"
autocommand <Lua 161: /nix/store/g8nh6vzamycdfxydwrmwkcc36fh5imqa-vim-pack-dir/pack/myNeovimPackages/start/vimplugin-eyeliner/lua/eyeliner/shared.lua:66>

Executing BufEnter Autocommands for "*"
autocommand lua require'lualine.components.branch.git_branch'.find_git_dir()

autocommand lua require'lualine.components.diff.git_diff'.update_diff_args()

Executing BufEnter Autocommands for "*"
autocommand sil call s:LocalBrowse(expand("<amatch>"))

Executing BufEnter Autocommands for "*"
autocommand :call s:BufSurfAppend(winbufnr(winnr()))

Executing BufEnter Autocommands for "*"
autocommand <Lua 162: /nix/store/g8nh6vzamycdfxydwrmwkcc36fh5imqa-vim-pack-dir/pack/myNeovimPackages/start/vimplugin-eyeliner/lua/eyeliner/shared.lua:66>

autocommand <Lua 155: /nix/store/g8nh6vzamycdfxydwrmwkcc36fh5imqa-vim-pack-dir/pack/myNeovimPackages/start/vimplugin-eyeliner/lua/eyeliner/on-key.lua:40>

Executing VimEnter Autocommands for "*"
autocommand <Lua 24: vim/_defaults.lua:0>

Executing VimEnter Autocommands for "*"
autocommand <Lua 46: vim/_editor.lua:0>

Executing VimEnter Autocommands for "*"
autocommand <Lua 115: /nix/store/g8nh6vzamycdfxydwrmwkcc36fh5imqa-vim-pack-dir/pack/myNeovimPackages/start/CopilotChat.nvim/lua/CopilotChat/init.lua:1408>

Executing VimEnter Autocommands for "*"
autocommand sil call s:VimEnter(expand("<amatch>"))

Executing VimEnter Autocommands for "*"
autocommand <Lua 234: /nix/store/g8nh6vzamycdfxydwrmwkcc36fh5imqa-vim-pack-dir/pack/myNeovimPackages/start/vim-illuminate/lua/illuminate/engine.lua:49>

Executing UIEnter Autocommands for "*"
autocommand <Lua 55: /nix/store/g8nh6vzamycdfxydwrmwkcc36fh5imqa-vim-pack-dir/pack/myNeovimPackages/start/snacks.nvim/lua/snacks/init.lua:128>

Executing UIEnter Autocommands for "*"
autocommand <Lua 214: /nix/store/g8nh6vzamycdfxydwrmwkcc36fh5imqa-vim-pack-dir/pack/myNeovimPackages/start/nvim-cmp/lua/cmp/utils/autocmd.lua:22>

Executing SafeState Autocommands for "*"
autocommand call s:Highlight_Matching_Pair()

Executing User Autocommands for "LuasnipSnippetsAdded"
autocommand <Lua 259: /nix/store/xcddffsq00xyzql852gj1dcn7ymxcna4-vimplugin-cmp_luasnip-2024-11-04/after/plugin/cmp_luasnip.lua:15>

Executing TermResponse Autocommands for "*"
autocommand <Lua 22: vim/_defaults.lua:0>

Executing OptionSet Autocommands for "background"
autocommand <Lua 25: /nix/store/g8nh6vzamycdfxydwrmwkcc36fh5imqa-vim-pack-dir/pack/myNeovimPackages/start/nvim-web-devicons/lua/nvim-web-devicons.lua:631>

Executing OptionSet Autocommands for "background"
autocommand lua require'lualine'.setup()

not found in runtime path: "lua/lualine/components/.lua"
not found in runtime path: "lua/lualine/components//init.lua"
not found in runtime path: "lua/lualine/components/.lua"
not found in runtime path: "lua/lualine/components//init.lua"
not found in runtime path: "lua/lualine/components/.lua"
not found in runtime path: "lua/lualine/components//init.lua"
--- Autocommands ---
--- Autocommands ---
lualine  BufEnter
    *         lua require'lualine.components.branch.git_branch'.find_git_dir()
	Last set from ~/neovim-nix/vim/_editor.lua
--- Autocommands ---
not found in runtime path: "lua/lualine/components/.lua"
not found in runtime path: "lua/lualine/components//init.lua"
not found in runtime path: "lua/lualine/components/.lua"
not found in runtime path: "lua/lualine/components//init.lua"


--- Terminal info --- {{{
&term: xterm-ghostty
Description: Ghostty
Aliases: xterm-ghostty | 
ghostty
Boolean capabilities:
  auto_left_margin          bw         = false
  auto_right_margin         am         = true
  no_esc_ctlc               xsb        = false
  ceol_standout_glitch      xhp        = false
  eat_newline_glitch        xenl       = true
  erase_overstrike          eo         = false
  generic_type              gn         = false
  hard_copy                 hc         = false
  has_meta_key              km         = true
  has_status_line           hs         = true
  insert_null_glitch        in         = false
  memory_above              da         = false
  memory_below              db         = false
  move_insert_mode          mir        = true
  move_standout_mode        msgr       = true
  over_strike               os         = false
  status_line_esc_ok        eslok      = false
  dest_tabs_magic_smso      xt         = false
  tilde_glitch              hz         = false
  transparent_underline     ul         = false
  xon_xoff                  xon        = false
  needs_xon_xoff            nxon       = false
  prtr_silent               mc5i       = true
  hard_cursor               chts       = false
  non_rev_rmcup             nrrmc      = false
  no_pad_char               npc        = true
  non_dest_scroll_region    ndscr      = false
  can_change                ccc        = true
  back_color_erase          bce        = true
  hue_lightness_saturation  hls        = false
  col_addr_glitch           xhpa       = false
  cr_cancels_micro_mode     crxm       = false
  has_print_wheel           daisy      = false
  row_addr_glitch           xvpa       = false
  semi_auto_right_margin    sam        = false
  cpi_changes_res           cpix       = false
  lpi_changes_res           lpix       = false
  backspaces_with_bs        OTbs       = false
  crt_no_scrolling          OTns       = false
  no_correctly_working_cr   OTnc       = false
  gnu_has_meta_key          OTMT       = false
  linefeed_is_newline       OTNL       = false
  has_hardware_tabs         OTpt       = false
  return_does_clr_eol       OTxr       = false
Numeric capabilities:
  columns                   cols       = 80
  init_tabs                 it         = 8
  lines                     lines      = 24
  lines_of_memory           lm         = -1
  magic_cookie_glitch       xmc        = -1
  padding_baud_rate         pb         = -1
  virtual_terminal          vt         = -1
  width_status_line         wsl        = -1
  num_labels                nlab       = -1
  label_height              lh         = -1
  label_width               lw         = -1
  max_attributes            ma         = -1
  maximum_windows           wnum       = -1
  max_colors                colors     = 256
  max_pairs                 pairs      = 32767
  no_color_video            ncv        = -1
  buffer_capacity           bufsz      = -1
  dot_vert_spacing          spinv      = -1
  dot_horz_spacing          spinh      = -1
  max_micro_address         maddr      = -1
  max_micro_jump            mjump      = -1
  micro_col_size            mcs        = -1
  micro_line_size           mls        = -1
  number_of_pins            npins      = -1
  output_res_char           orc        = -1
  output_res_line           orl        = -1
  output_res_horz_inch      orhi       = -1
  output_res_vert_inch      orvi       = -1
  print_rate                cps        = -1
  wide_char_size            widcs      = -1
  buttons                   btns       = -1
  bit_image_entwining       bitwin     = -1
  bit_image_type            bitype     = -1
  magic_cookie_glitch_ul    OTug       = -1
  carriage_return_delay     OTdC       = -1
  new_line_delay            OTdN       = -1
  backspace_delay           OTdB       = -1
  horizontal_tab_delay      OTdT       = -1
  number_of_function_keys   OTkn       = -1
String capabilities:
  back_tab                  cbt        = ^[[Z
  bell                      bel        = ^G
  carriage_return           cr         = ^M
  change_scroll_region      csr        = ^[[%i%p1%d;%p2%dr
  clear_all_tabs            tbc        = ^[[3g
  clear_screen              clear      = ^[[H^[[2J
  clr_eol                   el         = ^[[K
  clr_eos                   ed         = ^[[J
  column_address            hpa        = ^[[%i%p1%dG
  cursor_address            cup        = ^[[%i%p1%d;%p2%dH
  cursor_down               cud1       = ^@
  cursor_home               home       = ^[[H
  cursor_invisible          civis      = ^[[?25l
  cursor_left               cub1       = ^H
  cursor_normal             cnorm      = ^[[?25h
  cursor_right              cuf1       = ^[[C
  cursor_up                 cuu1       = ^[[A
  cursor_visible            cvvis      = ^[[?12;25h
  delete_character          dch1       = ^[[P
  delete_line               dl1        = ^[[M
  dis_status_line           dsl        = ^[]2;^G
  enter_alt_charset_mode    smacs      = ^[(0
  enter_blink_mode          blink      = ^[[5m
  enter_bold_mode           bold       = ^[[1m
  enter_ca_mode             smcup      = ^[[?1049h
  enter_dim_mode            dim        = ^[[2m
  enter_insert_mode         smir       = ^[[4h
  enter_secure_mode         invis      = ^[[8m
  enter_reverse_mode        rev        = ^[[7m
  enter_standout_mode       smso       = ^[[7m
  enter_underline_mode      smul       = ^[[4m
  erase_chars               ech        = ^[[%p1%dX
  exit_alt_charset_mode     rmacs      = ^[(B
  exit_attribute_mode       sgr0       = ^[(B^[[m
  exit_ca_mode              rmcup      = ^[[?1049l
  exit_insert_mode          rmir       = ^[[4l
  exit_standout_mode        rmso       = ^[[27m
  exit_underline_mode       rmul       = ^[[24m
  flash_screen              flash      = ^[[?5h$<100/>^[[?5l
  from_status_line          fsl        = ^G
  insert_character          ich1       = ^[[@
  insert_line               il1        = ^[[L
  key_backspace             kbs        = ^?
  key_dc                    kdch1      = ^[[3~
  key_down                  kcud1      = ^[OB
  key_f1                    kf1        = ^[OP
  key_f10                   kf10       = ^[[21~
  key_f2                    kf2        = ^[OQ
  key_f3                    kf3        = ^[OR
  key_f4                    kf4        = ^[OS
  key_f5                    kf5        = ^[[15~
  key_f6                    kf6        = ^[[17~
  key_f7                    kf7        = ^[[18~
  key_f8                    kf8        = ^[[19~
  key_f9                    kf9        = ^[[20~
  key_home                  khome      = ^[OH
  key_ic                    kich1      = ^[[2~
  key_left                  kcub1      = ^[OD
  key_npage                 knp        = ^[[6~
  key_ppage                 kpp        = ^[[5~
  key_right                 kcuf1      = ^[OC
  key_sf                    kind       = ^[[1;2B
  key_sr                    kri        = ^[[1;2A
  key_up                    kcuu1      = ^[OA
  keypad_local              rmkx       = ^[[?1l^[>
  keypad_xmit               smkx       = ^[[?1h^[=
  parm_dch                  dch        = ^[[%p1%dP
  parm_delete_line          dl         = ^[[%p1%dM
  parm_down_cursor          cud        = ^[[%p1%dB
  parm_ich                  ich        = ^[[%p1%d@
  parm_index                indn       = ^[[%p1%dS
  parm_insert_line          il         = ^[[%p1%dL
  parm_left_cursor          cub        = ^[[%p1%dD
  parm_right_cursor         cuf        = ^[[%p1%dC
  parm_rindex               rin        = ^[[%p1%dT
  parm_up_cursor            cuu        = ^[[%p1%dA
  repeat_char               rep        = %p1%c^[[%p2%{1}%-%db
  reset_1string             rs1        = ^[]^[\^[c
  restore_cursor            rc         = ^[8
  row_address               vpa        = ^[[%i%p1%dd
  save_cursor               sc         = ^[7
  scroll_forward            ind        = ^@
  scroll_reverse            ri         = ^[M
  set_attributes            sgr        = %?%p9%t^[(0%e^[(B%;^[[0%?%p6%t;1%;%?%p2%t;4%;%?%p1%p3%|%t;7%;%?%p4%t;5%;%?%p7%t;8%;m
  set_tab                   hts        = ^[H
  tab                       ht         = 	
  to_status_line            tsl        = ^[]2;
  acs_chars                 acsc       = ++,,--..00``aaffgghhiijjkkllmmnnooppqqrrssttuuvvwwxxyyzz{{||}}~~
  key_btab                  kcbt       = ^[[Z
  enter_am_mode             smam       = ^[[?7h
  exit_am_mode              rmam       = ^[[?7l
  key_end                   kend       = ^[OF
  key_enter                 kent       = ^[OM
  key_sdc                   kDC        = ^[[3;2~
  key_send                  kEND       = ^[[1;2F
  key_shome                 kHOM       = ^[[1;2H
  key_sic                   kIC        = ^[[2;2~
  key_sleft                 kLFT       = ^[[1;2D
  key_snext                 kNXT       = ^[[6;2~
  key_sprevious             kPRV       = ^[[5;2~
  key_sright                kRIT       = ^[[1;2C
  key_f11                   kf11       = ^[[23~
  key_f12                   kf12       = ^[[24~
  key_f13                   kf13       = ^[[1;2P
  key_f14                   kf14       = ^[[1;2Q
  key_f15                   kf15       = ^[[1;2R
  key_f16                   kf16       = ^[[1;2S
  key_f17                   kf17       = ^[[15;2~
  key_f18                   kf18       = ^[[17;2~
  key_f19                   kf19       = ^[[18;2~
  key_f20                   kf20       = ^[[19;2~
  key_f21                   kf21       = ^[[20;2~
  key_f22                   kf22       = ^[[21;2~
  key_f23                   kf23       = ^[[23;2~
  key_f24                   kf24       = ^[[24;2~
  key_f25                   kf25       = ^[[1;5P
  key_f26                   kf26       = ^[[1;5Q
  key_f27                   kf27       = ^[[1;5R
  key_f28                   kf28       = ^[[1;5S
  key_f29                   kf29       = ^[[15;5~
  key_f30                   kf30       = ^[[17;5~
  key_f31                   kf31       = ^[[18;5~
  key_f32                   kf32       = ^[[19;5~
  key_f33                   kf33       = ^[[20;5~
  key_f34                   kf34       = ^[[21;5~
  key_f35                   kf35       = ^[[23;5~
  key_f36                   kf36       = ^[[24;5~
  key_f37                   kf37       = ^[[1;6P
  key_f38                   kf38       = ^[[1;6Q
  key_f39                   kf39       = ^[[1;6R
  key_f40                   kf40       = ^[[1;6S
  key_f41                   kf41       = ^[[15;6~
  key_f42                   kf42       = ^[[17;6~
  key_f43                   kf43       = ^[[18;6~
  key_f44                   kf44       = ^[[19;6~
  key_f45                   kf45       = ^[[20;6~
  key_f46                   kf46       = ^[[21;6~
  key_f47                   kf47       = ^[[23;6~
  key_f48                   kf48       = ^[[24;6~
  key_f49                   kf49       = ^[[1;3P
  key_f50                   kf50       = ^[[1;3Q
  key_f51                   kf51       = ^[[1;3R
  key_f52                   kf52       = ^[[1;3S
  key_f53                   kf53       = ^[[15;3~
  key_f54                   kf54       = ^[[17;3~
  key_f55                   kf55       = ^[[18;3~
  key_f56                   kf56       = ^[[19;3~
  key_f57                   kf57       = ^[[20;3~
  key_f58                   kf58       = ^[[21;3~
  key_f59                   kf59       = ^[[23;3~
  key_f60                   kf60       = ^[[24;3~
  key_f61                   kf61       = ^[[1;4P
  key_f62                   kf62       = ^[[1;4Q
  key_f63                   kf63       = ^[[1;4R
  clr_bol                   el1        = ^[[1K
  user6                     u6         = ^[[%i%d;%dR
  user7                     u7         = ^[[6n
  user8                     u8         = ^[[?%[;0123456789]c
  user9                     u9         = ^[[c
  orig_pair                 op         = ^[[39;49m
  orig_colors               oc         = ^[]104^G
  initialize_color          initc      = ^[]4;%p1%d;rgb:%p2%{255}%*%{1000}%/%2.2X/%p3%{255}%*%{1000}%/%2.2X/%p4%{255}%*%{1000}%/%2.2X^[\
  enter_italics_mode        sitm       = ^[[3m
  exit_italics_mode         ritm       = ^[[23m
  key_mouse                 kmous      = ^[[<
  set_a_foreground          setaf      = ^[[%?%p1%{8}%<%t3%p1%d%e%p1%{16}%<%t9%p1%{8}%-%d%e38;5;%p1%d%;m
  set_a_background          setab      = ^[[%?%p1%{8}%<%t4%p1%d%e%p1%{16}%<%t10%p1%{8}%-%d%e48;5;%p1%d%;m
  set_tb_margin             smgtb      = ^[[%i%p1%d;%p2%dr
Extended boolean capabilities:
  AX                        = true
  Su                        = true
  Tc                        = true
  XT                        = true
  fullkbd                   = true
Extended string capabilities:
  BD                        = ^[[?2004l
  BE                        = ^[[?2004h
  Clmg                      = ^[[s
  Cmg                       = ^[[%i%p1%d;%p2%ds
  Dsmg                      = ^[[?69l
  E3                        = ^[[3J
  Enmg                      = ^[[?69h
  Ms                        = ^[]52;%p1%s;%p2%s^G
  PE                        = ^[[201~
  PS                        = ^[[200~
  RV                        = ^[[>c
  Se                        = ^[[2 q
  Setulc                    = ^[[58:2::%p1%{65536}%/%d:%p1%{256}%/%{255}%&%d:%p1%{255}%&%d%;m
  Smulx                     = ^[[4:%p1%dm
  Ss                        = ^[[%p1%d q
  Sync                      = ^[[?2026%?%p1%{1}%-%tl%eh%;
  XM                        = ^[[?1006;1000%?%p1%{1}%=%th%el%;
  XR                        = ^[[>0q
  fd                        = ^[[?1004l
  fe                        = ^[[?1004h
  kDC3                      = ^[[3;3~
  kDC4                      = ^[[3;4~
  kDC5                      = ^[[3;5~
  kDC6                      = ^[[3;6~
  kDC7                      = ^[[3;7~
  kDN                       = ^[[1;2B
  kDN3                      = ^[[1;3B
  kDN4                      = ^[[1;4B
  kDN5                      = ^[[1;5B
  kDN6                      = ^[[1;6B
  kDN7                      = ^[[1;7B
  kEND3                     = ^[[1;3F
  kEND4                     = ^[[1;4F
  kEND5                     = ^[[1;5F
  kEND6                     = ^[[1;6F
  kEND7                     = ^[[1;7F
  kHOM3                     = ^[[1;3H
  kHOM4                     = ^[[1;4H
  kHOM5                     = ^[[1;5H
  kHOM6                     = ^[[1;6H
  kHOM7                     = ^[[1;7H
  kIC3                      = ^[[2;3~
  kIC4                      = ^[[2;4~
  kIC5                      = ^[[2;5~
  kIC6                      = ^[[2;6~
  kIC7                      = ^[[2;7~
  kLFT3                     = ^[[1;3D
  kLFT4                     = ^[[1;4D
  kLFT5                     = ^[[1;5D
  kLFT6                     = ^[[1;6D
  kLFT7                     = ^[[1;7D
  kNXT3                     = ^[[6;3~
  kNXT4                     = ^[[6;4~
  kNXT5                     = ^[[6;5~
  kNXT6                     = ^[[6;6~
  kNXT7                     = ^[[6;7~
  kPRV3                     = ^[[5;3~
  kPRV4                     = ^[[5;4~
  kPRV5                     = ^[[5;5~
  kPRV6                     = ^[[5;6~
  kPRV7                     = ^[[5;7~
  kRIT3                     = ^[[1;3C
  kRIT4                     = ^[[1;4C
  kRIT5                     = ^[[1;5C
  kRIT6                     = ^[[1;6C
  kRIT7                     = ^[[1;7C
  kUP                       = ^[[1;2A
  kUP3                      = ^[[1;3A
  kUP4                      = ^[[1;4A
  kUP5                      = ^[[1;5A
  kUP6                      = ^[[1;6A
  kUP7                      = ^[[1;7A
  kxIN                      = ^[[I
  kxOUT                     = ^[[O
  rmxx                      = ^[[29m
  rv                        = ^[\[[0-9]+;[0-9]+;[0-9]+c
  setrgbb                   = ^[[48:2:%p1%d:%p2%d:%p3%dm
  setrgbf                   = ^[[38:2:%p1%d:%p2%d:%p3%dm
  smxx                      = ^[[9m
  xm                        = ^[[<%i%p3%d;%p1%d;%p2%d;%?%p4%tM%em%;
  xr                        = ^[P>\|[ -~]+a^[\
  ext.resize_screen         = ^[[8;%p1%d;%p2%dt
  ext.reset_scroll_region   = ^[[r
  ext.enter_altfont_mode    = ^[[11m
  ext.set_cursor_color      = ^[]12;%p1%s^G
  ext.reset_cursor_color    = ^[]112^G
  ext.save_title            = ^[[22;0t
  ext.restore_title         = ^[[23;0t
  ext.set_title             = ^[]2;%p2%s^G
  ext.enable_lr_margin      = ^[[?69h
  ext.disable_lr_margin     = ^[[?69l
  ext.enable_bpaste         = ^[[?2004h
  ext.disable_bpaste        = ^[[?2004l
  ext.enable_focus          = ^[[?1004h
  ext.disable_focus         = ^[[?1004l
  ext.enable_mouse          = ^[[?1002h^[[?1006h
  ext.disable_mouse         = ^[[?1002l^[[?1006l
  ext.enable_mouse_move     = ^[[?1003h
  ext.disable_mouse_move    = ^[[?1003l
  ext.set_underline_color   = ^[[58:2::%p1%d:%p2%d:%p3%dm
  Sync                      = ^[[?2026%?%p1%{1}%-%tl%eh%;
}}}

not found in runtime path: "parser/wk.*"
Executing LspAttach Autocommands for "*"
autocommand <Lua 56: /nix/store/g8nh6vzamycdfxydwrmwkcc36fh5imqa-vim-pack-dir/pack/myNeovimPackages/start/snacks.nvim/lua/snacks/init.lua:128>

Executing LspAttach Autocommands for "*"
autocommand <Lua 89: /nix/store/g8nh6vzamycdfxydwrmwkcc36fh5imqa-vim-pack-dir/pack/myNeovimPackages/start/copilot-cmp/lua/copilot_cmp/init.lua:55>

Executing LspAttach Autocommands for "*"
autocommand <Lua 122: /nix/store/jrp189vj3vjcwlawcm6s4kgmhkzd2yw6-init.lua:455>

Executing LspAttach Autocommands for "*"
autocommand <Lua 289: /nix/store/g8nh6vzamycdfxydwrmwkcc36fh5imqa-vim-pack-dir/pack/myNeovimPackages/start/which-key.nvim/lua/which-key/state.lua:126>


NVIM v0.10.3
Build type: Release
LuaJIT 2.1.1713773202

   system vimrc file: "$VIM/sysinit.vim"
  fall-back for $VIM: "/nix/store/jcyzc7y39jw3bziwdywi97siaasmd87c-neovim-unwrapped-0.10.3/share/nvim"

Run :checkhealth for more info
Executing WinClosed Autocommands for "*"
autocommand <Lua 141: /nix/store/g8nh6vzamycdfxydwrmwkcc36fh5imqa-vim-pack-dir/pack/myNeovimPackages/start/diffview.nvim/lua/diffview/init.lua:77>

Executing BufUnload Autocommands for "*"
autocommand <Lua 230: /nix/store/9zwacxhfaj87k25ryhd1p4m1ly5ahr2k-vimplugin-rainbow-delimiters.nvim-2024-12-15/plugin/rainbow-delimiters.lua:72>

Executing BufWipeout Autocommands for "*"
autocommand <Lua 208: /nix/store/g8nh6vzamycdfxydwrmwkcc36fh5imqa-vim-pack-dir/pack/myNeovimPackages/start/luasnip/lua/luasnip/config.lua:116>

Executing BufWipeout Autocommands for "*"
autocommand :call s:BufSurfDelete(str2nr(expand('<abuf>')))

Executing WinClosed Autocommands for "*"
autocommand <Lua 141: /nix/store/g8nh6vzamycdfxydwrmwkcc36fh5imqa-vim-pack-dir/pack/myNeovimPackages/start/diffview.nvim/lua/diffview/init.lua:77>

Executing BufUnload Autocommands for "*"
autocommand <Lua 230: /nix/store/9zwacxhfaj87k25ryhd1p4m1ly5ahr2k-vimplugin-rainbow-delimiters.nvim-2024-12-15/plugin/rainbow-delimiters.lua:72>

Executing BufWipeout Autocommands for "*"
autocommand <Lua 208: /nix/store/g8nh6vzamycdfxydwrmwkcc36fh5imqa-vim-pack-dir/pack/myNeovimPackages/start/luasnip/lua/luasnip/config.lua:116>

Executing BufWipeout Autocommands for "*"
autocommand :call s:BufSurfDelete(str2nr(expand('<abuf>')))

Executing ModeChanged Autocommands for "*"
autocommand <Lua 237: /nix/store/g8nh6vzamycdfxydwrmwkcc36fh5imqa-vim-pack-dir/pack/myNeovimPackages/start/vim-illuminate/lua/illuminate/engine.lua:49>

Executing ModeChanged Autocommands for "*"
autocommand <Lua 282: /nix/store/g8nh6vzamycdfxydwrmwkcc36fh5imqa-vim-pack-dir/pack/myNeovimPackages/start/which-key.nvim/lua/which-key/state.lua:93>


  1 %a   "[No Name]"                    0 seconds ago
Executing BufNew Autocommands for "*"
autocommand <Lua 292: /nix/store/g8nh6vzamycdfxydwrmwkcc36fh5imqa-vim-pack-dir/pack/myNeovimPackages/start/which-key.nvim/lua/which-key/state.lua:135>

Executing BufNew Autocommands for "*"
autocommand <Lua 292: /nix/store/g8nh6vzamycdfxydwrmwkcc36fh5imqa-vim-pack-dir/pack/myNeovimPackages/start/which-key.nvim/lua/which-key/state.lua:135>

Executing BufNew Autocommands for "*"
autocommand <Lua 292: /nix/store/g8nh6vzamycdfxydwrmwkcc36fh5imqa-vim-pack-dir/pack/myNeovimPackages/start/which-key.nvim/lua/which-key/state.lua:135>

Executing BufNew Autocommands for "*"
autocommand <Lua 292: /nix/store/g8nh6vzamycdfxydwrmwkcc36fh5imqa-vim-pack-dir/pack/myNeovimPackages/start/which-key.nvim/lua/which-key/state.lua:135>

Executing BufNew Autocommands for "*"
autocommand <Lua 292: /nix/store/g8nh6vzamycdfxydwrmwkcc36fh5imqa-vim-pack-dir/pack/myNeovimPackages/start/which-key.nvim/lua/which-key/state.lua:135>

Executing BufNew Autocommands for "*"
autocommand <Lua 292: /nix/store/g8nh6vzamycdfxydwrmwkcc36fh5imqa-vim-pack-dir/pack/myNeovimPackages/start/which-key.nvim/lua/which-key/state.lua:135>

Executing BufLeave Autocommands for "*"
autocommand call s:Remove_Matches()

Executing BufLeave Autocommands for "*"
autocommand if &ft != "netrw"|let w:netrw_prvfile= expand("%:p")|endif

Executing BufLeave Autocommands for "*"
autocommand <Lua 251: /nix/store/g8nh6vzamycdfxydwrmwkcc36fh5imqa-vim-pack-dir/pack/myNeovimPackages/start/vimplugin-eyeliner/lua/eyeliner/on-key.lua:117>

Executing WinLeave Autocommands for "*"
autocommand call s:Remove_Matches()

Executing WinEnter Autocommands for "*"
autocommand <Lua 116: /nix/store/g8nh6vzamycdfxydwrmwkcc36fh5imqa-vim-pack-dir/pack/myNeovimPackages/start/CopilotChat.nvim/lua/CopilotChat/init.lua:1408>

Executing WinEnter Autocommands for "*"
autocommand call s:dopopd()

Executing WinEnter Autocommands for "*"
autocommand call s:Highlight_Matching_Pair()

Executing WinEnter Autocommands for "*"
autocommand :call s:BufSurfAppend(winbufnr(winnr()))

Executing BufEnter Autocommands for "*"
autocommand sil call s:LocalBrowse(expand("<amatch>"))

Executing BufEnter Autocommands for "*"
autocommand :call s:BufSurfAppend(winbufnr(winnr()))

Executing BufEnter Autocommands for "*"
autocommand <Lua 162: /nix/store/g8nh6vzamycdfxydwrmwkcc36fh5imqa-vim-pack-dir/pack/myNeovimPackages/start/vimplugin-eyeliner/lua/eyeliner/shared.lua:66>

autocommand <Lua 155: /nix/store/g8nh6vzamycdfxydwrmwkcc36fh5imqa-vim-pack-dir/pack/myNeovimPackages/start/vimplugin-eyeliner/lua/eyeliner/on-key.lua:40>

Executing BufEnter Autocommands for "*"
autocommand lua require'lualine.components.branch.git_branch'.find_git_dir()

autocommand lua require'lualine.components.diff.git_diff'.update_diff_args()

Executing BufEnter Autocommands for "*"
autocommand <Lua 293: /nix/store/g8nh6vzamycdfxydwrmwkcc36fh5imqa-vim-pack-dir/pack/myNeovimPackages/start/which-key.nvim/lua/which-key/state.lua:145>

Executing FileType Autocommands for "*"
autocommand call s:LoadFTPlugin()

line 20: sourcing "/nix/store/g8nh6vzamycdfxydwrmwkcc36fh5imqa-vim-pack-dir/pack/myNeovimPackages/start/telescope.nvim/ftplugin/TelescopePrompt.lua"
finished sourcing /nix/store/g8nh6vzamycdfxydwrmwkcc36fh5imqa-vim-pack-dir/pack/myNeovimPackages/start/telescope.nvim/ftplugin/TelescopePrompt.lua
continuing in <SNR>2_LoadFTPlugin
Executing FileType Autocommands for "*"
autocommand call s:LoadIndent()

not found in runtime path: "indent/TelescopePrompt[.]{vim,lua}"
Executing FileType Autocommands for "TelescopePrompt"
autocommand <Lua 28: /nix/store/g8nh6vzamycdfxydwrmwkcc36fh5imqa-vim-pack-dir/pack/myNeovimPackages/start/mini.nvim/lua/mini/pairs.lua:515>

Executing FileType Autocommands for "*"
autocommand <Lua 144: vim/_editor.lua:0>

Executing FileType Autocommands for "*"
autocommand if !exists('b:ts_highlight') | 0verbose exe "set syntax=" . expand("<amatch>") | endif

Executing FileType Autocommands for "*"
autocommand <Lua 212: /nix/store/1ws2s7msvijzjkzfsdmdj5f6wj91mrim-vimplugin-lua5.1-luasnip-2.3.0-1-unstable-2024-12-02/plugin/luasnip.lua:77>

Executing FileType Autocommands for "*"
autocommand <Lua 223: /nix/store/g8nh6vzamycdfxydwrmwkcc36fh5imqa-vim-pack-dir/pack/myNeovimPackages/start/nvim-treesitter/lua/nvim-treesitter/configs.lua:132>

not found in runtime path: "parser/TelescopePrompt.*"
Executing FileType Autocommands for "*"
autocommand <Lua 224: /nix/store/g8nh6vzamycdfxydwrmwkcc36fh5imqa-vim-pack-dir/pack/myNeovimPackages/start/nvim-treesitter/lua/nvim-treesitter/configs.lua:132>

Executing FileType Autocommands for "*"
autocommand <Lua 226: /nix/store/g8nh6vzamycdfxydwrmwkcc36fh5imqa-vim-pack-dir/pack/myNeovimPackages/start/nvim-treesitter/lua/nvim-treesitter/configs.lua:132>

Executing FileType Autocommands for "*"
autocommand <Lua 227: /nix/store/g8nh6vzamycdfxydwrmwkcc36fh5imqa-vim-pack-dir/pack/myNeovimPackages/start/nvim-treesitter/lua/nvim-treesitter/configs.lua:132>

Executing FileType Autocommands for "*"
autocommand <Lua 229: /nix/store/9zwacxhfaj87k25ryhd1p4m1ly5ahr2k-vimplugin-rainbow-delimiters.nvim-2024-12-15/plugin/rainbow-delimiters.lua:59>

Executing FileType Autocommands for "*"
autocommand <Lua 233: /nix/store/g8nh6vzamycdfxydwrmwkcc36fh5imqa-vim-pack-dir/pack/myNeovimPackages/start/nvim-treesitter/lua/nvim-treesitter/configs.lua:132>

Executing FileType Autocommands for "*"
autocommand call s:LoadFTPlugin()

line 20: sourcing "/nix/store/g8nh6vzamycdfxydwrmwkcc36fh5imqa-vim-pack-dir/pack/myNeovimPackages/start/telescope.nvim/ftplugin/TelescopeResults.lua"
finished sourcing /nix/store/g8nh6vzamycdfxydwrmwkcc36fh5imqa-vim-pack-dir/pack/myNeovimPackages/start/telescope.nvim/ftplugin/TelescopeResults.lua
continuing in <SNR>2_LoadFTPlugin
Executing FileType Autocommands for "*"
autocommand call s:LoadIndent()

not found in runtime path: "indent/TelescopeResults[.]{vim,lua}"
Executing FileType Autocommands for "*"
autocommand <Lua 144: vim/_editor.lua:0>

Executing FileType Autocommands for "*"
autocommand if !exists('b:ts_highlight') | 0verbose exe "set syntax=" . expand("<amatch>") | endif

Executing FileType Autocommands for "*"
autocommand <Lua 212: /nix/store/1ws2s7msvijzjkzfsdmdj5f6wj91mrim-vimplugin-lua5.1-luasnip-2.3.0-1-unstable-2024-12-02/plugin/luasnip.lua:77>

Executing FileType Autocommands for "*"
autocommand <Lua 223: /nix/store/g8nh6vzamycdfxydwrmwkcc36fh5imqa-vim-pack-dir/pack/myNeovimPackages/start/nvim-treesitter/lua/nvim-treesitter/configs.lua:132>

not found in runtime path: "parser/TelescopeResults.*"
Executing FileType Autocommands for "*"
autocommand <Lua 224: /nix/store/g8nh6vzamycdfxydwrmwkcc36fh5imqa-vim-pack-dir/pack/myNeovimPackages/start/nvim-treesitter/lua/nvim-treesitter/configs.lua:132>

Executing FileType Autocommands for "*"
autocommand <Lua 226: /nix/store/g8nh6vzamycdfxydwrmwkcc36fh5imqa-vim-pack-dir/pack/myNeovimPackages/start/nvim-treesitter/lua/nvim-treesitter/configs.lua:132>

Executing FileType Autocommands for "*"
autocommand <Lua 227: /nix/store/g8nh6vzamycdfxydwrmwkcc36fh5imqa-vim-pack-dir/pack/myNeovimPackages/start/nvim-treesitter/lua/nvim-treesitter/configs.lua:132>

Executing FileType Autocommands for "*"
autocommand <Lua 229: /nix/store/9zwacxhfaj87k25ryhd1p4m1ly5ahr2k-vimplugin-rainbow-delimiters.nvim-2024-12-15/plugin/rainbow-delimiters.lua:59>

Executing FileType Autocommands for "*"
autocommand <Lua 233: /nix/store/g8nh6vzamycdfxydwrmwkcc36fh5imqa-vim-pack-dir/pack/myNeovimPackages/start/nvim-treesitter/lua/nvim-treesitter/configs.lua:132>

Executing CursorMoved Autocommands for "*"
autocommand <Lua 148: /nix/store/g8nh6vzamycdfxydwrmwkcc36fh5imqa-vim-pack-dir/pack/myNeovimPackages/start/vimplugin-diagflow/lua/diagflow/lazy.lua:122>

Executing CursorMoved Autocommands for "*"
autocommand call s:Highlight_Matching_Pair()

Executing CursorMoved Autocommands for "*"
autocommand <Lua 235: /nix/store/g8nh6vzamycdfxydwrmwkcc36fh5imqa-vim-pack-dir/pack/myNeovimPackages/start/vim-illuminate/lua/illuminate/engine.lua:49>

Executing CursorMoved Autocommands for "*"
autocommand <Lua 160: /nix/store/g8nh6vzamycdfxydwrmwkcc36fh5imqa-vim-pack-dir/pack/myNeovimPackages/start/vimplugin-eyeliner/lua/eyeliner/on-key.lua:89>

Executing CursorMoved Autocommands for "*"
autocommand <Lua 270: vim/_editor.lua:0>

Executing TextChanged Autocommands for "*"
autocommand call s:Highlight_Matching_Pair()

Executing TextChanged Autocommands for "*"
autocommand <Lua 238: /nix/store/g8nh6vzamycdfxydwrmwkcc36fh5imqa-vim-pack-dir/pack/myNeovimPackages/start/vim-illuminate/lua/illuminate/engine.lua:49>

Executing InsertEnter Autocommands for "*"
autocommand <Lua 39: /nix/store/g8nh6vzamycdfxydwrmwkcc36fh5imqa-vim-pack-dir/pack/myNeovimPackages/start/nvim-cmp/lua/cmp/utils/autocmd.lua:22>

Executing InsertEnter Autocommands for "*"
autocommand <Lua 88: /nix/store/g8nh6vzamycdfxydwrmwkcc36fh5imqa-vim-pack-dir/pack/myNeovimPackages/start/copilot-cmp/lua/copilot_cmp/init.lua:55>

Executing InsertEnter Autocommands for "*"
autocommand <Lua 257: /nix/store/g8nh6vzamycdfxydwrmwkcc36fh5imqa-vim-pack-dir/pack/myNeovimPackages/start/cmp-nvim-lsp/lua/cmp_nvim_lsp/init.lua:97>

Executing ModeChanged Autocommands for "*"
autocommand <Lua 237: /nix/store/g8nh6vzamycdfxydwrmwkcc36fh5imqa-vim-pack-dir/pack/myNeovimPackages/start/vim-illuminate/lua/illuminate/engine.lua:49>

Executing ModeChanged Autocommands for "*"
autocommand <Lua 282: /nix/store/g8nh6vzamycdfxydwrmwkcc36fh5imqa-vim-pack-dir/pack/myNeovimPackages/start/which-key.nvim/lua/which-key/state.lua:93>

Executing ModeChanged Autocommands for "*"
autocommand <Lua 237: /nix/store/g8nh6vzamycdfxydwrmwkcc36fh5imqa-vim-pack-dir/pack/myNeovimPackages/start/vim-illuminate/lua/illuminate/engine.lua:49>

Executing ModeChanged Autocommands for "*"
autocommand <Lua 282: /nix/store/g8nh6vzamycdfxydwrmwkcc36fh5imqa-vim-pack-dir/pack/myNeovimPackages/start/which-key.nvim/lua/which-key/state.lua:93>

Executing InsertLeave Autocommands for "*"
autocommand <Lua 44: /nix/store/g8nh6vzamycdfxydwrmwkcc36fh5imqa-vim-pack-dir/pack/myNeovimPackages/start/nvim-cmp/lua/cmp/utils/autocmd.lua:22>

Executing InsertLeave Autocommands for "*"
autocommand <Lua 62: /nix/store/g8nh6vzamycdfxydwrmwkcc36fh5imqa-vim-pack-dir/pack/myNeovimPackages/start/luasnip/lua/luasnip/init.lua:485>

Executing CursorMoved Autocommands for "*"
autocommand <Lua 148: /nix/store/g8nh6vzamycdfxydwrmwkcc36fh5imqa-vim-pack-dir/pack/myNeovimPackages/start/vimplugin-diagflow/lua/diagflow/lazy.lua:122>

Executing CursorMoved Autocommands for "*"
autocommand call s:Highlight_Matching_Pair()

Executing CursorMoved Autocommands for "*"
autocommand <Lua 235: /nix/store/g8nh6vzamycdfxydwrmwkcc36fh5imqa-vim-pack-dir/pack/myNeovimPackages/start/vim-illuminate/lua/illuminate/engine.lua:49>

Executing CursorMoved Autocommands for "*"
autocommand <Lua 160: /nix/store/g8nh6vzamycdfxydwrmwkcc36fh5imqa-vim-pack-dir/pack/myNeovimPackages/start/vimplugin-eyeliner/lua/eyeliner/on-key.lua:89>

Executing CursorMoved Autocommands for "*"
autocommand <Lua 270: vim/_editor.lua:0>

Executing TextChanged Autocommands for "*"
autocommand call s:Highlight_Matching_Pair()

Executing TextChanged Autocommands for "*"
autocommand <Lua 238: /nix/store/g8nh6vzamycdfxydwrmwkcc36fh5imqa-vim-pack-dir/pack/myNeovimPackages/start/vim-illuminate/lua/illuminate/engine.lua:49>


Executing BufNew Autocommands for "*"
autocommand <Lua 292: /nix/store/g8nh6vzamycdfxydwrmwkcc36fh5imqa-vim-pack-dir/pack/myNeovimPackages/start/which-key.nvim/lua/which-key/state.lua:135>

auto-removing autocommand: BufDelete <buffer=6>
auto-removing autocommand: BufDelete <buffer=6>
auto-removing autocommand: WinClosed <buffer=6>
Executing WinScrolled Autocommands for "*"
autocommand call s:Highlight_Matching_Pair()

Executing WinScrolled Autocommands for "*"
autocommand <Lua 273: /nix/store/g8nh6vzamycdfxydwrmwkcc36fh5imqa-vim-pack-dir/pack/myNeovimPackages/start/snacks.nvim/lua/snacks/scroll.lua:149>

Executing Syntax Autocommands for "*"
autocommand call s:SynSet()

not found in runtime path: "queries/comment/injections.scm"
Executing BufNew Autocommands for "*"
autocommand <Lua 292: /nix/store/g8nh6vzamycdfxydwrmwkcc36fh5imqa-vim-pack-dir/pack/myNeovimPackages/start/which-key.nvim/lua/which-key/state.lua:135>

Executing Syntax Autocommands for "*"
autocommand call s:SynSet()

Executing BufNew Autocommands for "*"
autocommand <Lua 292: /nix/store/g8nh6vzamycdfxydwrmwkcc36fh5imqa-vim-pack-dir/pack/myNeovimPackages/start/which-key.nvim/lua/which-key/state.lua:135>

Executing Syntax Autocommands for "*"
autocommand call s:SynSet()

not found in runtime path: "queries/comment/injections.scm"
Executing BufUnload Autocommands for "*"
autocommand <Lua 230: /nix/store/9zwacxhfaj87k25ryhd1p4m1ly5ahr2k-vimplugin-rainbow-delimiters.nvim-2024-12-15/plugin/rainbow-delimiters.lua:72>

Executing BufWipeout Autocommands for "*"
autocommand <Lua 208: /nix/store/g8nh6vzamycdfxydwrmwkcc36fh5imqa-vim-pack-dir/pack/myNeovimPackages/start/luasnip/lua/luasnip/config.lua:116>

Executing BufWipeout Autocommands for "*"
autocommand :call s:BufSurfDelete(str2nr(expand('<abuf>')))

Executing BufUnload Autocommands for "*"
autocommand <Lua 230: /nix/store/9zwacxhfaj87k25ryhd1p4m1ly5ahr2k-vimplugin-rainbow-delimiters.nvim-2024-12-15/plugin/rainbow-delimiters.lua:72>

Executing BufWipeout Autocommands for "*"
autocommand <Lua 208: /nix/store/g8nh6vzamycdfxydwrmwkcc36fh5imqa-vim-pack-dir/pack/myNeovimPackages/start/luasnip/lua/luasnip/config.lua:116>

Executing BufWipeout Autocommands for "*"
autocommand :call s:BufSurfDelete(str2nr(expand('<abuf>')))

Executing WinClosed Autocommands for "*"
autocommand <Lua 141: /nix/store/g8nh6vzamycdfxydwrmwkcc36fh5imqa-vim-pack-dir/pack/myNeovimPackages/start/diffview.nvim/lua/diffview/init.lua:77>

Executing BufUnload Autocommands for "*"
autocommand <Lua 230: /nix/store/9zwacxhfaj87k25ryhd1p4m1ly5ahr2k-vimplugin-rainbow-delimiters.nvim-2024-12-15/plugin/rainbow-delimiters.lua:72>

Executing BufWipeout Autocommands for "*"
autocommand <Lua 208: /nix/store/g8nh6vzamycdfxydwrmwkcc36fh5imqa-vim-pack-dir/pack/myNeovimPackages/start/luasnip/lua/luasnip/config.lua:116>

Executing BufWipeout Autocommands for "*"
autocommand :call s:BufSurfDelete(str2nr(expand('<abuf>')))

Executing WinClosed Autocommands for "*"
autocommand <Lua 141: /nix/store/g8nh6vzamycdfxydwrmwkcc36fh5imqa-vim-pack-dir/pack/myNeovimPackages/start/diffview.nvim/lua/diffview/init.lua:77>

Executing WinClosed Autocommands for "<buffer=4>"
autocommand :lua require('plenary.window').try_close(1005, true)

Executing BufUnload Autocommands for "*"
autocommand <Lua 230: /nix/store/9zwacxhfaj87k25ryhd1p4m1ly5ahr2k-vimplugin-rainbow-delimiters.nvim-2024-12-15/plugin/rainbow-delimiters.lua:72>

Executing BufWipeout Autocommands for "*"
autocommand <Lua 208: /nix/store/g8nh6vzamycdfxydwrmwkcc36fh5imqa-vim-pack-dir/pack/myNeovimPackages/start/luasnip/lua/luasnip/config.lua:116>

Executing BufWipeout Autocommands for "*"
autocommand :call s:BufSurfDelete(str2nr(expand('<abuf>')))

Executing BufUnload Autocommands for "*"
autocommand <Lua 230: /nix/store/9zwacxhfaj87k25ryhd1p4m1ly5ahr2k-vimplugin-rainbow-delimiters.nvim-2024-12-15/plugin/rainbow-delimiters.lua:72>

Executing BufWipeout Autocommands for "*"
autocommand <Lua 208: /nix/store/g8nh6vzamycdfxydwrmwkcc36fh5imqa-vim-pack-dir/pack/myNeovimPackages/start/luasnip/lua/luasnip/config.lua:116>

Executing BufWipeout Autocommands for "*"
autocommand :call s:BufSurfDelete(str2nr(expand('<abuf>')))

auto-removing autocommand: BufDelete <buffer=4>
auto-removing autocommand: BufDelete <buffer=4>
Executing WinClosed Autocommands for "*"
autocommand <Lua 141: /nix/store/g8nh6vzamycdfxydwrmwkcc36fh5imqa-vim-pack-dir/pack/myNeovimPackages/start/diffview.nvim/lua/diffview/init.lua:77>

Executing BufUnload Autocommands for "*"
autocommand <Lua 230: /nix/store/9zwacxhfaj87k25ryhd1p4m1ly5ahr2k-vimplugin-rainbow-delimiters.nvim-2024-12-15/plugin/rainbow-delimiters.lua:72>

Executing BufWipeout Autocommands for "*"
autocommand <Lua 208: /nix/store/g8nh6vzamycdfxydwrmwkcc36fh5imqa-vim-pack-dir/pack/myNeovimPackages/start/luasnip/lua/luasnip/config.lua:116>

Executing BufWipeout Autocommands for "*"
autocommand :call s:BufSurfDelete(str2nr(expand('<abuf>')))

Executing WinClosed Autocommands for "*"
autocommand <Lua 141: /nix/store/g8nh6vzamycdfxydwrmwkcc36fh5imqa-vim-pack-dir/pack/myNeovimPackages/start/diffview.nvim/lua/diffview/init.lua:77>

Executing BufUnload Autocommands for "*"
autocommand <Lua 230: /nix/store/9zwacxhfaj87k25ryhd1p4m1ly5ahr2k-vimplugin-rainbow-delimiters.nvim-2024-12-15/plugin/rainbow-delimiters.lua:72>

Executing BufWipeout Autocommands for "*"
autocommand <Lua 208: /nix/store/g8nh6vzamycdfxydwrmwkcc36fh5imqa-vim-pack-dir/pack/myNeovimPackages/start/luasnip/lua/luasnip/config.lua:116>

Executing BufWipeout Autocommands for "*"
autocommand :call s:BufSurfDelete(str2nr(expand('<abuf>')))

Executing BufLeave Autocommands for "*"
autocommand call s:Remove_Matches()

Executing BufLeave Autocommands for "*"
autocommand if &ft != "netrw"|let w:netrw_prvfile= expand("%:p")|endif

Executing WinLeave Autocommands for "*"
autocommand call s:Remove_Matches()

Executing WinClosed Autocommands for "*"
autocommand <Lua 141: /nix/store/g8nh6vzamycdfxydwrmwkcc36fh5imqa-vim-pack-dir/pack/myNeovimPackages/start/diffview.nvim/lua/diffview/init.lua:77>

Executing WinClosed Autocommands for "<buffer=8>"
autocommand :lua require('plenary.window').try_close(1009, true)

Executing BufUnload Autocommands for "*"
autocommand <Lua 230: /nix/store/9zwacxhfaj87k25ryhd1p4m1ly5ahr2k-vimplugin-rainbow-delimiters.nvim-2024-12-15/plugin/rainbow-delimiters.lua:72>

Executing BufWipeout Autocommands for "*"
autocommand <Lua 208: /nix/store/g8nh6vzamycdfxydwrmwkcc36fh5imqa-vim-pack-dir/pack/myNeovimPackages/start/luasnip/lua/luasnip/config.lua:116>

Executing BufWipeout Autocommands for "*"
autocommand :call s:BufSurfDelete(str2nr(expand('<abuf>')))

auto-removing autocommand: BufDelete <buffer=8>
auto-removing autocommand: BufDelete <buffer=8>
auto-removing autocommand: VimResized <buffer=8>
Executing WinEnter Autocommands for "*"
autocommand <Lua 116: /nix/store/g8nh6vzamycdfxydwrmwkcc36fh5imqa-vim-pack-dir/pack/myNeovimPackages/start/CopilotChat.nvim/lua/CopilotChat/init.lua:1408>

Executing WinEnter Autocommands for "*"
autocommand call s:dopopd()

Executing WinEnter Autocommands for "*"
autocommand call s:Highlight_Matching_Pair()

Executing WinEnter Autocommands for "*"
autocommand :call s:BufSurfAppend(winbufnr(winnr()))

Executing BufEnter Autocommands for "*"
autocommand sil call s:LocalBrowse(expand("<amatch>"))

Executing BufEnter Autocommands for "*"
autocommand :call s:BufSurfAppend(winbufnr(winnr()))

Executing BufEnter Autocommands for "*"
autocommand <Lua 162: /nix/store/g8nh6vzamycdfxydwrmwkcc36fh5imqa-vim-pack-dir/pack/myNeovimPackages/start/vimplugin-eyeliner/lua/eyeliner/shared.lua:66>

autocommand <Lua 155: /nix/store/g8nh6vzamycdfxydwrmwkcc36fh5imqa-vim-pack-dir/pack/myNeovimPackages/start/vimplugin-eyeliner/lua/eyeliner/on-key.lua:40>

Executing BufEnter Autocommands for "*"
autocommand lua require'lualine.components.branch.git_branch'.find_git_dir()

autocommand lua require'lualine.components.diff.git_diff'.update_diff_args()

Executing BufEnter Autocommands for "*"
autocommand <Lua 293: /nix/store/g8nh6vzamycdfxydwrmwkcc36fh5imqa-vim-pack-dir/pack/myNeovimPackages/start/which-key.nvim/lua/which-key/state.lua:145>

Executing BufUnload Autocommands for "*"
autocommand <Lua 230: /nix/store/9zwacxhfaj87k25ryhd1p4m1ly5ahr2k-vimplugin-rainbow-delimiters.nvim-2024-12-15/plugin/rainbow-delimiters.lua:72>

Executing BufDelete Autocommands for "*"
autocommand <Lua 151: /nix/store/g8nh6vzamycdfxydwrmwkcc36fh5imqa-vim-pack-dir/pack/myNeovimPackages/start/vimplugin-diagflow/lua/diagflow/lazy.lua:261>

Executing BufDelete Autocommands for "*"
autocommand <Lua 61: /nix/store/g8nh6vzamycdfxydwrmwkcc36fh5imqa-vim-pack-dir/pack/myNeovimPackages/start/luasnip/lua/luasnip/config.lua:116>

Executing BufWipeout Autocommands for "<buffer=1>"
autocommand <Lua 152: /nix/store/jcyzc7y39jw3bziwdywi97siaasmd87c-neovim-unwrapped-0.10.3/share/nvim/runtime/lua/vim/diagnostic.lua:329>

Executing BufWipeout Autocommands for "*"
autocommand <Lua 208: /nix/store/g8nh6vzamycdfxydwrmwkcc36fh5imqa-vim-pack-dir/pack/myNeovimPackages/start/luasnip/lua/luasnip/config.lua:116>

Executing BufWipeout Autocommands for "*"
autocommand :call s:BufSurfDelete(str2nr(expand('<abuf>')))

auto-removing autocommand: BufWipeout <buffer=1>
auto-removing autocommand: BufWritePost <buffer=1>
auto-removing autocommand: BufWritePre <buffer=1>
Executing LspDetach Autocommands for "*"
autocommand <Lua 290: /nix/store/g8nh6vzamycdfxydwrmwkcc36fh5imqa-vim-pack-dir/pack/myNeovimPackages/start/which-key.nvim/lua/which-key/state.lua:126>

Executing DiagnosticChanged Autocommands for "*"
autocommand <Lua 146: /nix/store/g8nh6vzamycdfxydwrmwkcc36fh5imqa-vim-pack-dir/pack/myNeovimPackages/start/vimplugin-diagflow/lua/diagflow/lazy.lua:67>

autocommand <Lua 149: /nix/store/g8nh6vzamycdfxydwrmwkcc36fh5imqa-vim-pack-dir/pack/myNeovimPackages/start/vimplugin-diagflow/lua/diagflow/lazy.lua:122>

Executing BufNew Autocommands for "*"
autocommand <Lua 292: /nix/store/g8nh6vzamycdfxydwrmwkcc36fh5imqa-vim-pack-dir/pack/myNeovimPackages/start/which-key.nvim/lua/which-key/state.lua:135>

Executing BufReadPre Autocommands for "*"
autocommand <Lua 57: /nix/store/g8nh6vzamycdfxydwrmwkcc36fh5imqa-vim-pack-dir/pack/myNeovimPackages/start/snacks.nvim/lua/snacks/init.lua:128>

Reading ShaDa file "/home/ulins/.local/state/nvim/shada/main.shada" marks
Reading undo file: /home/ulins/.local/state/nvim/undo/%home%ulins%tempura%src%matrix2%matrix.h
Executing BufReadPost Autocommands for "*"
autocommand <Lua 58: /nix/store/g8nh6vzamycdfxydwrmwkcc36fh5imqa-vim-pack-dir/pack/myNeovimPackages/start/snacks.nvim/lua/snacks/init.lua:128>

Executing BufReadPost Autocommands for "*"
autocommand <Lua 79: /nix/store/g8nh6vzamycdfxydwrmwkcc36fh5imqa-vim-pack-dir/pack/myNeovimPackages/start/gitsigns.nvim/lua/gitsigns.lua:148>

Executing BufReadPost Autocommands for "*"
autocommand <Lua 147: /nix/store/g8nh6vzamycdfxydwrmwkcc36fh5imqa-vim-pack-dir/pack/myNeovimPackages/start/vimplugin-diagflow/lua/diagflow/lazy.lua:67>

Executing BufReadPost Autocommands for "*"
autocommand <Lua 172: /nix/store/jcyzc7y39jw3bziwdywi97siaasmd87c-neovim-unwrapped-0.10.3/share/nvim/runtime/filetype.lua:10>

Executing FileType Autocommands for "*"
autocommand call s:LoadFTPlugin()

line 20: sourcing "/nix/store/jcyzc7y39jw3bziwdywi97siaasmd87c-neovim-unwrapped-0.10.3/share/nvim/runtime/ftplugin/cpp.vim"
line 14: sourcing "/nix/store/jcyzc7y39jw3bziwdywi97siaasmd87c-neovim-unwrapped-0.10.3/share/nvim/runtime/ftplugin/c.vim"
finished sourcing /nix/store/jcyzc7y39jw3bziwdywi97siaasmd87c-neovim-unwrapped-0.10.3/share/nvim/runtime/ftplugin/c.vim
continuing in /nix/store/jcyzc7y39jw3bziwdywi97siaasmd87c-neovim-unwrapped-0.10.3/share/nvim/runtime/ftplugin/cpp.vim
line 14: sourcing "/nix/store/jcyzc7y39jw3bziwdywi97siaasmd87c-neovim-unwrapped-0.10.3/share/nvim/runtime/ftplugin/c.lua"
finished sourcing /nix/store/jcyzc7y39jw3bziwdywi97siaasmd87c-neovim-unwrapped-0.10.3/share/nvim/runtime/ftplugin/c.lua
continuing in /nix/store/jcyzc7y39jw3bziwdywi97siaasmd87c-neovim-unwrapped-0.10.3/share/nvim/runtime/ftplugin/cpp.vim
finished sourcing /nix/store/jcyzc7y39jw3bziwdywi97siaasmd87c-neovim-unwrapped-0.10.3/share/nvim/runtime/ftplugin/cpp.vim
continuing in <SNR>2_LoadFTPlugin
Executing FileType Autocommands for "*"
autocommand call s:LoadIndent()

line 15: sourcing "/nix/store/jcyzc7y39jw3bziwdywi97siaasmd87c-neovim-unwrapped-0.10.3/share/nvim/runtime/indent/cpp.vim"
finished sourcing /nix/store/jcyzc7y39jw3bziwdywi97siaasmd87c-neovim-unwrapped-0.10.3/share/nvim/runtime/indent/cpp.vim
continuing in <SNR>3_LoadIndent
Executing FileType Autocommands for "cpp"
autocommand <Lua 131: /nix/store/g8nh6vzamycdfxydwrmwkcc36fh5imqa-vim-pack-dir/pack/myNeovimPackages/start/nvim-lspconfig/lua/lspconfig/configs.lua:111>

Executing FileType Autocommands for "*"
autocommand <Lua 144: vim/_editor.lua:0>

Executing FileType Autocommands for "*"
autocommand if !exists('b:ts_highlight') | 0verbose exe "set syntax=" . expand("<amatch>") | endif

Executing FileType Autocommands for "*"
autocommand <Lua 212: /nix/store/1ws2s7msvijzjkzfsdmdj5f6wj91mrim-vimplugin-lua5.1-luasnip-2.3.0-1-unstable-2024-12-02/plugin/luasnip.lua:77>

Executing FileType Autocommands for "*"
autocommand <Lua 223: /nix/store/g8nh6vzamycdfxydwrmwkcc36fh5imqa-vim-pack-dir/pack/myNeovimPackages/start/nvim-treesitter/lua/nvim-treesitter/configs.lua:132>

Executing Syntax Autocommands for "*"
autocommand call s:SynSet()

Executing FileType Autocommands for "*"
autocommand <Lua 224: /nix/store/g8nh6vzamycdfxydwrmwkcc36fh5imqa-vim-pack-dir/pack/myNeovimPackages/start/nvim-treesitter/lua/nvim-treesitter/configs.lua:132>

Executing FileType Autocommands for "*"
autocommand <Lua 226: /nix/store/g8nh6vzamycdfxydwrmwkcc36fh5imqa-vim-pack-dir/pack/myNeovimPackages/start/nvim-treesitter/lua/nvim-treesitter/configs.lua:132>

Executing FileType Autocommands for "*"
autocommand <Lua 227: /nix/store/g8nh6vzamycdfxydwrmwkcc36fh5imqa-vim-pack-dir/pack/myNeovimPackages/start/nvim-treesitter/lua/nvim-treesitter/configs.lua:132>

Executing FileType Autocommands for "*"
autocommand <Lua 229: /nix/store/9zwacxhfaj87k25ryhd1p4m1ly5ahr2k-vimplugin-rainbow-delimiters.nvim-2024-12-15/plugin/rainbow-delimiters.lua:59>

Executing FileType Autocommands for "*"
autocommand <Lua 233: /nix/store/g8nh6vzamycdfxydwrmwkcc36fh5imqa-vim-pack-dir/pack/myNeovimPackages/start/nvim-treesitter/lua/nvim-treesitter/configs.lua:132>

Executing BufReadPost Autocommands for "*"
autocommand if !did_filetype() && expand('<amatch>') !~ g:ft_ignore_pat | runtime! scripts.vim | endif

Executing BufReadPost Autocommands for "*"
autocommand <Lua 176: /nix/store/jcyzc7y39jw3bziwdywi97siaasmd87c-neovim-unwrapped-0.10.3/share/nvim/runtime/plugin/editorconfig.lua:4>

Executing BufReadPost Autocommands for "*"
autocommand <Lua 291: /nix/store/g8nh6vzamycdfxydwrmwkcc36fh5imqa-vim-pack-dir/pack/myNeovimPackages/start/which-key.nvim/lua/which-key/state.lua:135>

Executing BufEnter Autocommands for "*"
autocommand sil call s:LocalBrowse(expand("<amatch>"))

Executing BufEnter Autocommands for "*"
autocommand :call s:BufSurfAppend(winbufnr(winnr()))

Executing BufEnter Autocommands for "*"
autocommand <Lua 162: /nix/store/g8nh6vzamycdfxydwrmwkcc36fh5imqa-vim-pack-dir/pack/myNeovimPackages/start/vimplugin-eyeliner/lua/eyeliner/shared.lua:66>

autocommand <Lua 155: /nix/store/g8nh6vzamycdfxydwrmwkcc36fh5imqa-vim-pack-dir/pack/myNeovimPackages/start/vimplugin-eyeliner/lua/eyeliner/on-key.lua:40>

Executing BufEnter Autocommands for "*"
autocommand lua require'lualine.components.branch.git_branch'.find_git_dir()

autocommand lua require'lualine.components.diff.git_diff'.update_diff_args()

Executing BufEnter Autocommands for "*"
autocommand <Lua 293: /nix/store/g8nh6vzamycdfxydwrmwkcc36fh5imqa-vim-pack-dir/pack/myNeovimPackages/start/which-key.nvim/lua/which-key/state.lua:145>

Executing BufWinEnter Autocommands for "*"
autocommand <Lua 50: /nix/store/g8nh6vzamycdfxydwrmwkcc36fh5imqa-vim-pack-dir/pack/myNeovimPackages/start/telescope-frecency.nvim/lua/frecency/init.lua:82>

Executing BufWinEnter Autocommands for "*"
autocommand autocmd SafeState * ++once call s:Highlight_Matching_Pair()

Executing BufWinEnter Autocommands for "*"
autocommand <Lua 211: /nix/store/1ws2s7msvijzjkzfsdmdj5f6wj91mrim-vimplugin-lua5.1-luasnip-2.3.0-1-unstable-2024-12-02/plugin/luasnip.lua:77>

Executing BufWinEnter Autocommands for "*"
autocommand <Lua 161: /nix/store/g8nh6vzamycdfxydwrmwkcc36fh5imqa-vim-pack-dir/pack/myNeovimPackages/start/vimplugin-eyeliner/lua/eyeliner/shared.lua:66>

Executing BufWinEnter Autocommands for "*"
autocommand <Lua 269: vim/_editor.lua:0>

Executing CursorMoved Autocommands for "*"
autocommand <Lua 148: /nix/store/g8nh6vzamycdfxydwrmwkcc36fh5imqa-vim-pack-dir/pack/myNeovimPackages/start/vimplugin-diagflow/lua/diagflow/lazy.lua:122>

Executing CursorMoved Autocommands for "*"
autocommand call s:Highlight_Matching_Pair()

Executing CursorMoved Autocommands for "*"
autocommand <Lua 235: /nix/store/g8nh6vzamycdfxydwrmwkcc36fh5imqa-vim-pack-dir/pack/myNeovimPackages/start/vim-illuminate/lua/illuminate/engine.lua:49>

Executing CursorMoved Autocommands for "*"
autocommand <Lua 160: /nix/store/g8nh6vzamycdfxydwrmwkcc36fh5imqa-vim-pack-dir/pack/myNeovimPackages/start/vimplugin-eyeliner/lua/eyeliner/on-key.lua:89>

Executing CursorMoved Autocommands for "*"
autocommand <Lua 270: vim/_editor.lua:0>

Executing SafeState Autocommands for "*"
autocommand call s:Highlight_Matching_Pair()

not found in runtime path: "queries/comment/rainbow-delimiters.scm"
Executing LspAttach Autocommands for "*"
autocommand <Lua 89: /nix/store/g8nh6vzamycdfxydwrmwkcc36fh5imqa-vim-pack-dir/pack/myNeovimPackages/start/copilot-cmp/lua/copilot_cmp/init.lua:55>

Executing LspAttach Autocommands for "*"
autocommand <Lua 122: /nix/store/jrp189vj3vjcwlawcm6s4kgmhkzd2yw6-init.lua:455>

Executing LspAttach Autocommands for "*"
autocommand <Lua 289: /nix/store/g8nh6vzamycdfxydwrmwkcc36fh5imqa-vim-pack-dir/pack/myNeovimPackages/start/which-key.nvim/lua/which-key/state.lua:126>

Executing User Autocommands for "LuasnipSnippetsAdded"
autocommand <Lua 259: /nix/store/xcddffsq00xyzql852gj1dcn7ymxcna4-vimplugin-cmp_luasnip-2024-11-04/after/plugin/cmp_luasnip.lua:15>

Executing LspAttach Autocommands for "*"
autocommand <Lua 89: /nix/store/g8nh6vzamycdfxydwrmwkcc36fh5imqa-vim-pack-dir/pack/myNeovimPackages/start/copilot-cmp/lua/copilot_cmp/init.lua:55>

Executing LspAttach Autocommands for "*"
autocommand <Lua 122: /nix/store/jrp189vj3vjcwlawcm6s4kgmhkzd2yw6-init.lua:455>

Executing LspAttach Autocommands for "*"
autocommand <Lua 289: /nix/store/g8nh6vzamycdfxydwrmwkcc36fh5imqa-vim-pack-dir/pack/myNeovimPackages/start/which-key.nvim/lua/which-key/state.lua:126>

Executing ModeChanged Autocommands for "*"
autocommand <Lua 237: /nix/store/g8nh6vzamycdfxydwrmwkcc36fh5imqa-vim-pack-dir/pack/myNeovimPackages/start/vim-illuminate/lua/illuminate/engine.lua:49>

Executing ModeChanged Autocommands for "*"
autocommand <Lua 282: /nix/store/g8nh6vzamycdfxydwrmwkcc36fh5imqa-vim-pack-dir/pack/myNeovimPackages/start/which-key.nvim/lua/which-key/state.lua:93>


Executing BufNew Autocommands for "*"
autocommand <Lua 292: /nix/store/g8nh6vzamycdfxydwrmwkcc36fh5imqa-vim-pack-dir/pack/myNeovimPackages/start/which-key.nvim/lua/which-key/state.lua:135>

Executing BufNew Autocommands for "*"
autocommand <Lua 292: /nix/store/g8nh6vzamycdfxydwrmwkcc36fh5imqa-vim-pack-dir/pack/myNeovimPackages/start/which-key.nvim/lua/which-key/state.lua:135>

Executing BufNew Autocommands for "*"
autocommand <Lua 292: /nix/store/g8nh6vzamycdfxydwrmwkcc36fh5imqa-vim-pack-dir/pack/myNeovimPackages/start/which-key.nvim/lua/which-key/state.lua:135>

Executing BufNew Autocommands for "*"
autocommand <Lua 292: /nix/store/g8nh6vzamycdfxydwrmwkcc36fh5imqa-vim-pack-dir/pack/myNeovimPackages/start/which-key.nvim/lua/which-key/state.lua:135>

Executing BufNew Autocommands for "*"
autocommand <Lua 292: /nix/store/g8nh6vzamycdfxydwrmwkcc36fh5imqa-vim-pack-dir/pack/myNeovimPackages/start/which-key.nvim/lua/which-key/state.lua:135>

Executing BufNew Autocommands for "*"
autocommand <Lua 292: /nix/store/g8nh6vzamycdfxydwrmwkcc36fh5imqa-vim-pack-dir/pack/myNeovimPackages/start/which-key.nvim/lua/which-key/state.lua:135>

Executing BufLeave Autocommands for "*"
autocommand call s:Remove_Matches()

Executing BufLeave Autocommands for "*"
autocommand if &ft != "netrw"|let w:netrw_prvfile= expand("%:p")|endif

Executing WinLeave Autocommands for "*"
autocommand call s:Remove_Matches()

Executing WinEnter Autocommands for "*"
autocommand <Lua 116: /nix/store/g8nh6vzamycdfxydwrmwkcc36fh5imqa-vim-pack-dir/pack/myNeovimPackages/start/CopilotChat.nvim/lua/CopilotChat/init.lua:1408>

Executing WinEnter Autocommands for "*"
autocommand call s:dopopd()

Executing WinEnter Autocommands for "*"
autocommand call s:Highlight_Matching_Pair()

Executing WinEnter Autocommands for "*"
autocommand :call s:BufSurfAppend(winbufnr(winnr()))

Executing BufEnter Autocommands for "*"
autocommand sil call s:LocalBrowse(expand("<amatch>"))

Executing BufEnter Autocommands for "*"
autocommand :call s:BufSurfAppend(winbufnr(winnr()))

Executing BufEnter Autocommands for "*"
autocommand <Lua 162: /nix/store/g8nh6vzamycdfxydwrmwkcc36fh5imqa-vim-pack-dir/pack/myNeovimPackages/start/vimplugin-eyeliner/lua/eyeliner/shared.lua:66>

autocommand <Lua 155: /nix/store/g8nh6vzamycdfxydwrmwkcc36fh5imqa-vim-pack-dir/pack/myNeovimPackages/start/vimplugin-eyeliner/lua/eyeliner/on-key.lua:40>

Executing BufEnter Autocommands for "*"
autocommand lua require'lualine.components.branch.git_branch'.find_git_dir()

autocommand lua require'lualine.components.diff.git_diff'.update_diff_args()

Executing BufEnter Autocommands for "*"
autocommand <Lua 293: /nix/store/g8nh6vzamycdfxydwrmwkcc36fh5imqa-vim-pack-dir/pack/myNeovimPackages/start/which-key.nvim/lua/which-key/state.lua:145>

Executing FileType Autocommands for "*"
autocommand call s:LoadFTPlugin()

line 20: sourcing "/nix/store/g8nh6vzamycdfxydwrmwkcc36fh5imqa-vim-pack-dir/pack/myNeovimPackages/start/telescope.nvim/ftplugin/TelescopePrompt.lua"
finished sourcing /nix/store/g8nh6vzamycdfxydwrmwkcc36fh5imqa-vim-pack-dir/pack/myNeovimPackages/start/telescope.nvim/ftplugin/TelescopePrompt.lua
continuing in <SNR>2_LoadFTPlugin
Executing FileType Autocommands for "*"
autocommand call s:LoadIndent()

not found in runtime path: "indent/TelescopePrompt[.]{vim,lua}"
Executing FileType Autocommands for "TelescopePrompt"
autocommand <Lua 28: /nix/store/g8nh6vzamycdfxydwrmwkcc36fh5imqa-vim-pack-dir/pack/myNeovimPackages/start/mini.nvim/lua/mini/pairs.lua:515>

Executing FileType Autocommands for "*"
autocommand <Lua 144: vim/_editor.lua:0>

Executing FileType Autocommands for "*"
autocommand if !exists('b:ts_highlight') | 0verbose exe "set syntax=" . expand("<amatch>") | endif

Executing FileType Autocommands for "*"
autocommand <Lua 212: /nix/store/1ws2s7msvijzjkzfsdmdj5f6wj91mrim-vimplugin-lua5.1-luasnip-2.3.0-1-unstable-2024-12-02/plugin/luasnip.lua:77>

Executing FileType Autocommands for "*"
autocommand <Lua 223: /nix/store/g8nh6vzamycdfxydwrmwkcc36fh5imqa-vim-pack-dir/pack/myNeovimPackages/start/nvim-treesitter/lua/nvim-treesitter/configs.lua:132>

Executing FileType Autocommands for "*"
autocommand <Lua 224: /nix/store/g8nh6vzamycdfxydwrmwkcc36fh5imqa-vim-pack-dir/pack/myNeovimPackages/start/nvim-treesitter/lua/nvim-treesitter/configs.lua:132>

Executing FileType Autocommands for "*"
autocommand <Lua 226: /nix/store/g8nh6vzamycdfxydwrmwkcc36fh5imqa-vim-pack-dir/pack/myNeovimPackages/start/nvim-treesitter/lua/nvim-treesitter/configs.lua:132>

Executing FileType Autocommands for "*"
autocommand <Lua 227: /nix/store/g8nh6vzamycdfxydwrmwkcc36fh5imqa-vim-pack-dir/pack/myNeovimPackages/start/nvim-treesitter/lua/nvim-treesitter/configs.lua:132>

Executing FileType Autocommands for "*"
autocommand <Lua 229: /nix/store/9zwacxhfaj87k25ryhd1p4m1ly5ahr2k-vimplugin-rainbow-delimiters.nvim-2024-12-15/plugin/rainbow-delimiters.lua:59>

Executing FileType Autocommands for "*"
autocommand <Lua 233: /nix/store/g8nh6vzamycdfxydwrmwkcc36fh5imqa-vim-pack-dir/pack/myNeovimPackages/start/nvim-treesitter/lua/nvim-treesitter/configs.lua:132>

Executing FileType Autocommands for "*"
autocommand call s:LoadFTPlugin()

line 20: sourcing "/nix/store/g8nh6vzamycdfxydwrmwkcc36fh5imqa-vim-pack-dir/pack/myNeovimPackages/start/telescope.nvim/ftplugin/TelescopeResults.lua"
finished sourcing /nix/store/g8nh6vzamycdfxydwrmwkcc36fh5imqa-vim-pack-dir/pack/myNeovimPackages/start/telescope.nvim/ftplugin/TelescopeResults.lua
continuing in <SNR>2_LoadFTPlugin
Executing FileType Autocommands for "*"
autocommand call s:LoadIndent()

not found in runtime path: "indent/TelescopeResults[.]{vim,lua}"
Executing FileType Autocommands for "*"
autocommand <Lua 144: vim/_editor.lua:0>

Executing FileType Autocommands for "*"
autocommand if !exists('b:ts_highlight') | 0verbose exe "set syntax=" . expand("<amatch>") | endif

Executing FileType Autocommands for "*"
autocommand <Lua 212: /nix/store/1ws2s7msvijzjkzfsdmdj5f6wj91mrim-vimplugin-lua5.1-luasnip-2.3.0-1-unstable-2024-12-02/plugin/luasnip.lua:77>

Executing FileType Autocommands for "*"
autocommand <Lua 223: /nix/store/g8nh6vzamycdfxydwrmwkcc36fh5imqa-vim-pack-dir/pack/myNeovimPackages/start/nvim-treesitter/lua/nvim-treesitter/configs.lua:132>

Executing FileType Autocommands for "*"
autocommand <Lua 224: /nix/store/g8nh6vzamycdfxydwrmwkcc36fh5imqa-vim-pack-dir/pack/myNeovimPackages/start/nvim-treesitter/lua/nvim-treesitter/configs.lua:132>

Executing FileType Autocommands for "*"
autocommand <Lua 226: /nix/store/g8nh6vzamycdfxydwrmwkcc36fh5imqa-vim-pack-dir/pack/myNeovimPackages/start/nvim-treesitter/lua/nvim-treesitter/configs.lua:132>

Executing FileType Autocommands for "*"
autocommand <Lua 227: /nix/store/g8nh6vzamycdfxydwrmwkcc36fh5imqa-vim-pack-dir/pack/myNeovimPackages/start/nvim-treesitter/lua/nvim-treesitter/configs.lua:132>

Executing FileType Autocommands for "*"
autocommand <Lua 229: /nix/store/9zwacxhfaj87k25ryhd1p4m1ly5ahr2k-vimplugin-rainbow-delimiters.nvim-2024-12-15/plugin/rainbow-delimiters.lua:59>

Executing FileType Autocommands for "*"
autocommand <Lua 233: /nix/store/g8nh6vzamycdfxydwrmwkcc36fh5imqa-vim-pack-dir/pack/myNeovimPackages/start/nvim-treesitter/lua/nvim-treesitter/configs.lua:132>

Executing CursorMoved Autocommands for "*"
autocommand <Lua 148: /nix/store/g8nh6vzamycdfxydwrmwkcc36fh5imqa-vim-pack-dir/pack/myNeovimPackages/start/vimplugin-diagflow/lua/diagflow/lazy.lua:122>

Executing CursorMoved Autocommands for "*"
autocommand call s:Highlight_Matching_Pair()

Executing CursorMoved Autocommands for "*"
autocommand <Lua 235: /nix/store/g8nh6vzamycdfxydwrmwkcc36fh5imqa-vim-pack-dir/pack/myNeovimPackages/start/vim-illuminate/lua/illuminate/engine.lua:49>

Executing CursorMoved Autocommands for "*"
autocommand <Lua 160: /nix/store/g8nh6vzamycdfxydwrmwkcc36fh5imqa-vim-pack-dir/pack/myNeovimPackages/start/vimplugin-eyeliner/lua/eyeliner/on-key.lua:89>

Executing CursorMoved Autocommands for "*"
autocommand <Lua 270: vim/_editor.lua:0>

Executing TextChanged Autocommands for "*"
autocommand call s:Highlight_Matching_Pair()

Executing TextChanged Autocommands for "*"
autocommand <Lua 238: /nix/store/g8nh6vzamycdfxydwrmwkcc36fh5imqa-vim-pack-dir/pack/myNeovimPackages/start/vim-illuminate/lua/illuminate/engine.lua:49>

Executing InsertEnter Autocommands for "*"
autocommand <Lua 39: /nix/store/g8nh6vzamycdfxydwrmwkcc36fh5imqa-vim-pack-dir/pack/myNeovimPackages/start/nvim-cmp/lua/cmp/utils/autocmd.lua:22>

Executing InsertEnter Autocommands for "*"
autocommand <Lua 88: /nix/store/g8nh6vzamycdfxydwrmwkcc36fh5imqa-vim-pack-dir/pack/myNeovimPackages/start/copilot-cmp/lua/copilot_cmp/init.lua:55>

Executing InsertEnter Autocommands for "*"
autocommand <Lua 257: /nix/store/g8nh6vzamycdfxydwrmwkcc36fh5imqa-vim-pack-dir/pack/myNeovimPackages/start/cmp-nvim-lsp/lua/cmp_nvim_lsp/init.lua:97>

Executing ModeChanged Autocommands for "*"
autocommand <Lua 237: /nix/store/g8nh6vzamycdfxydwrmwkcc36fh5imqa-vim-pack-dir/pack/myNeovimPackages/start/vim-illuminate/lua/illuminate/engine.lua:49>

Executing ModeChanged Autocommands for "*"
autocommand <Lua 282: /nix/store/g8nh6vzamycdfxydwrmwkcc36fh5imqa-vim-pack-dir/pack/myNeovimPackages/start/which-key.nvim/lua/which-key/state.lua:93>

Executing ModeChanged Autocommands for "*"
autocommand <Lua 237: /nix/store/g8nh6vzamycdfxydwrmwkcc36fh5imqa-vim-pack-dir/pack/myNeovimPackages/start/vim-illuminate/lua/illuminate/engine.lua:49>

Executing ModeChanged Autocommands for "*"
autocommand <Lua 282: /nix/store/g8nh6vzamycdfxydwrmwkcc36fh5imqa-vim-pack-dir/pack/myNeovimPackages/start/which-key.nvim/lua/which-key/state.lua:93>

Executing InsertLeave Autocommands for "*"
autocommand <Lua 44: /nix/store/g8nh6vzamycdfxydwrmwkcc36fh5imqa-vim-pack-dir/pack/myNeovimPackages/start/nvim-cmp/lua/cmp/utils/autocmd.lua:22>

Executing InsertLeave Autocommands for "*"
autocommand <Lua 62: /nix/store/g8nh6vzamycdfxydwrmwkcc36fh5imqa-vim-pack-dir/pack/myNeovimPackages/start/luasnip/lua/luasnip/init.lua:485>

Executing CursorMoved Autocommands for "*"
autocommand <Lua 148: /nix/store/g8nh6vzamycdfxydwrmwkcc36fh5imqa-vim-pack-dir/pack/myNeovimPackages/start/vimplugin-diagflow/lua/diagflow/lazy.lua:122>

Executing CursorMoved Autocommands for "*"
autocommand call s:Highlight_Matching_Pair()

Executing CursorMoved Autocommands for "*"
autocommand <Lua 235: /nix/store/g8nh6vzamycdfxydwrmwkcc36fh5imqa-vim-pack-dir/pack/myNeovimPackages/start/vim-illuminate/lua/illuminate/engine.lua:49>

Executing CursorMoved Autocommands for "*"
autocommand <Lua 160: /nix/store/g8nh6vzamycdfxydwrmwkcc36fh5imqa-vim-pack-dir/pack/myNeovimPackages/start/vimplugin-eyeliner/lua/eyeliner/on-key.lua:89>

Executing CursorMoved Autocommands for "*"
autocommand <Lua 270: vim/_editor.lua:0>

Executing TextChanged Autocommands for "*"
autocommand call s:Highlight_Matching_Pair()

Executing TextChanged Autocommands for "*"
autocommand <Lua 238: /nix/store/g8nh6vzamycdfxydwrmwkcc36fh5imqa-vim-pack-dir/pack/myNeovimPackages/start/vim-illuminate/lua/illuminate/engine.lua:49>


Executing BufNew Autocommands for "*"
autocommand <Lua 292: /nix/store/g8nh6vzamycdfxydwrmwkcc36fh5imqa-vim-pack-dir/pack/myNeovimPackages/start/which-key.nvim/lua/which-key/state.lua:135>

Executing BufNew Autocommands for "*"
autocommand <Lua 292: /nix/store/g8nh6vzamycdfxydwrmwkcc36fh5imqa-vim-pack-dir/pack/myNeovimPackages/start/which-key.nvim/lua/which-key/state.lua:135>

auto-removing autocommand: BufDelete <buffer=15>
auto-removing autocommand: BufDelete <buffer=15>
auto-removing autocommand: WinClosed <buffer=15>
Executing WinScrolled Autocommands for "*"
autocommand call s:Highlight_Matching_Pair()

Executing WinScrolled Autocommands for "*"
autocommand <Lua 273: /nix/store/g8nh6vzamycdfxydwrmwkcc36fh5imqa-vim-pack-dir/pack/myNeovimPackages/start/snacks.nvim/lua/snacks/scroll.lua:149>

Executing Syntax Autocommands for "*"
autocommand call s:SynSet()

not found in runtime path: "queries/comment/injections.scm"
Executing DiagnosticChanged Autocommands for "*"
autocommand <Lua 146: /nix/store/g8nh6vzamycdfxydwrmwkcc36fh5imqa-vim-pack-dir/pack/myNeovimPackages/start/vimplugin-diagflow/lua/diagflow/lazy.lua:67>

autocommand <Lua 149: /nix/store/g8nh6vzamycdfxydwrmwkcc36fh5imqa-vim-pack-dir/pack/myNeovimPackages/start/vimplugin-diagflow/lua/diagflow/lazy.lua:122>

Executing BufNew Autocommands for "*"
autocommand <Lua 292: /nix/store/g8nh6vzamycdfxydwrmwkcc36fh5imqa-vim-pack-dir/pack/myNeovimPackages/start/which-key.nvim/lua/which-key/state.lua:135>

Executing Syntax Autocommands for "*"
autocommand call s:SynSet()

Executing BufNew Autocommands for "*"
autocommand <Lua 292: /nix/store/g8nh6vzamycdfxydwrmwkcc36fh5imqa-vim-pack-dir/pack/myNeovimPackages/start/which-key.nvim/lua/which-key/state.lua:135>

Executing CursorMoved Autocommands for "*"
autocommand <Lua 148: /nix/store/g8nh6vzamycdfxydwrmwkcc36fh5imqa-vim-pack-dir/pack/myNeovimPackages/start/vimplugin-diagflow/lua/diagflow/lazy.lua:122>

Executing CursorMoved Autocommands for "*"
autocommand call s:Highlight_Matching_Pair()

Executing CursorMoved Autocommands for "*"
autocommand <Lua 235: /nix/store/g8nh6vzamycdfxydwrmwkcc36fh5imqa-vim-pack-dir/pack/myNeovimPackages/start/vim-illuminate/lua/illuminate/engine.lua:49>

Executing CursorMoved Autocommands for "*"
autocommand <Lua 160: /nix/store/g8nh6vzamycdfxydwrmwkcc36fh5imqa-vim-pack-dir/pack/myNeovimPackages/start/vimplugin-eyeliner/lua/eyeliner/on-key.lua:89>

Executing CursorMoved Autocommands for "*"
autocommand <Lua 270: vim/_editor.lua:0>

Executing TextChanged Autocommands for "*"
autocommand call s:Highlight_Matching_Pair()

Executing TextChanged Autocommands for "*"
autocommand <Lua 238: /nix/store/g8nh6vzamycdfxydwrmwkcc36fh5imqa-vim-pack-dir/pack/myNeovimPackages/start/vim-illuminate/lua/illuminate/engine.lua:49>

Executing BufNew Autocommands for "*"
autocommand <Lua 292: /nix/store/g8nh6vzamycdfxydwrmwkcc36fh5imqa-vim-pack-dir/pack/myNeovimPackages/start/which-key.nvim/lua/which-key/state.lua:135>

Executing BufNew Autocommands for "*"
autocommand <Lua 292: /nix/store/g8nh6vzamycdfxydwrmwkcc36fh5imqa-vim-pack-dir/pack/myNeovimPackages/start/which-key.nvim/lua/which-key/state.lua:135>

Executing Syntax Autocommands for "*"
autocommand call s:SynSet()

Executing BufNew Autocommands for "*"
autocommand <Lua 292: /nix/store/g8nh6vzamycdfxydwrmwkcc36fh5imqa-vim-pack-dir/pack/myNeovimPackages/start/which-key.nvim/lua/which-key/state.lua:135>

Executing Syntax Autocommands for "*"
autocommand call s:SynSet()

not found in runtime path: "queries/comment/injections.scm"
Executing BufUnload Autocommands for "*"
autocommand <Lua 230: /nix/store/9zwacxhfaj87k25ryhd1p4m1ly5ahr2k-vimplugin-rainbow-delimiters.nvim-2024-12-15/plugin/rainbow-delimiters.lua:72>

Executing BufWipeout Autocommands for "*"
autocommand <Lua 208: /nix/store/g8nh6vzamycdfxydwrmwkcc36fh5imqa-vim-pack-dir/pack/myNeovimPackages/start/luasnip/lua/luasnip/config.lua:116>

Executing BufWipeout Autocommands for "*"
autocommand :call s:BufSurfDelete(str2nr(expand('<abuf>')))

Executing BufUnload Autocommands for "*"
autocommand <Lua 230: /nix/store/9zwacxhfaj87k25ryhd1p4m1ly5ahr2k-vimplugin-rainbow-delimiters.nvim-2024-12-15/plugin/rainbow-delimiters.lua:72>

Executing BufWipeout Autocommands for "*"
autocommand <Lua 208: /nix/store/g8nh6vzamycdfxydwrmwkcc36fh5imqa-vim-pack-dir/pack/myNeovimPackages/start/luasnip/lua/luasnip/config.lua:116>

Executing BufWipeout Autocommands for "*"
autocommand :call s:BufSurfDelete(str2nr(expand('<abuf>')))

Executing BufUnload Autocommands for "*"
autocommand <Lua 230: /nix/store/9zwacxhfaj87k25ryhd1p4m1ly5ahr2k-vimplugin-rainbow-delimiters.nvim-2024-12-15/plugin/rainbow-delimiters.lua:72>

Executing BufWipeout Autocommands for "*"
autocommand <Lua 208: /nix/store/g8nh6vzamycdfxydwrmwkcc36fh5imqa-vim-pack-dir/pack/myNeovimPackages/start/luasnip/lua/luasnip/config.lua:116>

Executing BufWipeout Autocommands for "*"
autocommand :call s:BufSurfDelete(str2nr(expand('<abuf>')))

Executing BufUnload Autocommands for "*"
autocommand <Lua 230: /nix/store/9zwacxhfaj87k25ryhd1p4m1ly5ahr2k-vimplugin-rainbow-delimiters.nvim-2024-12-15/plugin/rainbow-delimiters.lua:72>

Executing BufWipeout Autocommands for "*"
autocommand <Lua 208: /nix/store/g8nh6vzamycdfxydwrmwkcc36fh5imqa-vim-pack-dir/pack/myNeovimPackages/start/luasnip/lua/luasnip/config.lua:116>

Executing BufWipeout Autocommands for "*"
autocommand :call s:BufSurfDelete(str2nr(expand('<abuf>')))

Executing BufUnload Autocommands for "*"
autocommand <Lua 230: /nix/store/9zwacxhfaj87k25ryhd1p4m1ly5ahr2k-vimplugin-rainbow-delimiters.nvim-2024-12-15/plugin/rainbow-delimiters.lua:72>

Executing BufWipeout Autocommands for "*"
autocommand <Lua 208: /nix/store/g8nh6vzamycdfxydwrmwkcc36fh5imqa-vim-pack-dir/pack/myNeovimPackages/start/luasnip/lua/luasnip/config.lua:116>

Executing BufWipeout Autocommands for "*"
autocommand :call s:BufSurfDelete(str2nr(expand('<abuf>')))

Executing BufUnload Autocommands for "*"
autocommand <Lua 230: /nix/store/9zwacxhfaj87k25ryhd1p4m1ly5ahr2k-vimplugin-rainbow-delimiters.nvim-2024-12-15/plugin/rainbow-delimiters.lua:72>

Executing BufWipeout Autocommands for "*"
autocommand <Lua 208: /nix/store/g8nh6vzamycdfxydwrmwkcc36fh5imqa-vim-pack-dir/pack/myNeovimPackages/start/luasnip/lua/luasnip/config.lua:116>

Executing BufWipeout Autocommands for "*"
autocommand :call s:BufSurfDelete(str2nr(expand('<abuf>')))

Executing WinClosed Autocommands for "*"
autocommand <Lua 141: /nix/store/g8nh6vzamycdfxydwrmwkcc36fh5imqa-vim-pack-dir/pack/myNeovimPackages/start/diffview.nvim/lua/diffview/init.lua:77>

Executing BufUnload Autocommands for "*"
autocommand <Lua 230: /nix/store/9zwacxhfaj87k25ryhd1p4m1ly5ahr2k-vimplugin-rainbow-delimiters.nvim-2024-12-15/plugin/rainbow-delimiters.lua:72>

Executing BufWipeout Autocommands for "*"
autocommand <Lua 208: /nix/store/g8nh6vzamycdfxydwrmwkcc36fh5imqa-vim-pack-dir/pack/myNeovimPackages/start/luasnip/lua/luasnip/config.lua:116>

Executing BufWipeout Autocommands for "*"
autocommand :call s:BufSurfDelete(str2nr(expand('<abuf>')))

Executing WinClosed Autocommands for "*"
autocommand <Lua 141: /nix/store/g8nh6vzamycdfxydwrmwkcc36fh5imqa-vim-pack-dir/pack/myNeovimPackages/start/diffview.nvim/lua/diffview/init.lua:77>

Executing WinClosed Autocommands for "<buffer=13>"
autocommand :lua require('plenary.window').try_close(1011, true)

Executing BufUnload Autocommands for "*"
autocommand <Lua 230: /nix/store/9zwacxhfaj87k25ryhd1p4m1ly5ahr2k-vimplugin-rainbow-delimiters.nvim-2024-12-15/plugin/rainbow-delimiters.lua:72>

Executing BufWipeout Autocommands for "*"
autocommand <Lua 208: /nix/store/g8nh6vzamycdfxydwrmwkcc36fh5imqa-vim-pack-dir/pack/myNeovimPackages/start/luasnip/lua/luasnip/config.lua:116>

Executing BufWipeout Autocommands for "*"
autocommand :call s:BufSurfDelete(str2nr(expand('<abuf>')))

Executing BufUnload Autocommands for "*"
autocommand <Lua 230: /nix/store/9zwacxhfaj87k25ryhd1p4m1ly5ahr2k-vimplugin-rainbow-delimiters.nvim-2024-12-15/plugin/rainbow-delimiters.lua:72>

Executing BufWipeout Autocommands for "*"
autocommand <Lua 208: /nix/store/g8nh6vzamycdfxydwrmwkcc36fh5imqa-vim-pack-dir/pack/myNeovimPackages/start/luasnip/lua/luasnip/config.lua:116>

Executing BufWipeout Autocommands for "*"
autocommand :call s:BufSurfDelete(str2nr(expand('<abuf>')))

auto-removing autocommand: BufDelete <buffer=13>
auto-removing autocommand: BufDelete <buffer=13>
Executing WinClosed Autocommands for "*"
autocommand <Lua 141: /nix/store/g8nh6vzamycdfxydwrmwkcc36fh5imqa-vim-pack-dir/pack/myNeovimPackages/start/diffview.nvim/lua/diffview/init.lua:77>

Executing BufUnload Autocommands for "*"
autocommand <Lua 230: /nix/store/9zwacxhfaj87k25ryhd1p4m1ly5ahr2k-vimplugin-rainbow-delimiters.nvim-2024-12-15/plugin/rainbow-delimiters.lua:72>

Executing BufWipeout Autocommands for "*"
autocommand <Lua 208: /nix/store/g8nh6vzamycdfxydwrmwkcc36fh5imqa-vim-pack-dir/pack/myNeovimPackages/start/luasnip/lua/luasnip/config.lua:116>

Executing BufWipeout Autocommands for "*"
autocommand :call s:BufSurfDelete(str2nr(expand('<abuf>')))

Executing WinClosed Autocommands for "*"
autocommand <Lua 141: /nix/store/g8nh6vzamycdfxydwrmwkcc36fh5imqa-vim-pack-dir/pack/myNeovimPackages/start/diffview.nvim/lua/diffview/init.lua:77>

Executing BufUnload Autocommands for "*"
autocommand <Lua 230: /nix/store/9zwacxhfaj87k25ryhd1p4m1ly5ahr2k-vimplugin-rainbow-delimiters.nvim-2024-12-15/plugin/rainbow-delimiters.lua:72>

Executing BufWipeout Autocommands for "*"
autocommand <Lua 208: /nix/store/g8nh6vzamycdfxydwrmwkcc36fh5imqa-vim-pack-dir/pack/myNeovimPackages/start/luasnip/lua/luasnip/config.lua:116>

Executing BufWipeout Autocommands for "*"
autocommand :call s:BufSurfDelete(str2nr(expand('<abuf>')))

Executing BufLeave Autocommands for "*"
autocommand call s:Remove_Matches()

Executing BufLeave Autocommands for "*"
autocommand if &ft != "netrw"|let w:netrw_prvfile= expand("%:p")|endif

Executing WinLeave Autocommands for "*"
autocommand call s:Remove_Matches()

Executing WinClosed Autocommands for "*"
autocommand <Lua 141: /nix/store/g8nh6vzamycdfxydwrmwkcc36fh5imqa-vim-pack-dir/pack/myNeovimPackages/start/diffview.nvim/lua/diffview/init.lua:77>

Executing WinClosed Autocommands for "<buffer=17>"
autocommand :lua require('plenary.window').try_close(1015, true)

Executing BufUnload Autocommands for "*"
autocommand <Lua 230: /nix/store/9zwacxhfaj87k25ryhd1p4m1ly5ahr2k-vimplugin-rainbow-delimiters.nvim-2024-12-15/plugin/rainbow-delimiters.lua:72>

Executing BufWipeout Autocommands for "*"
autocommand <Lua 208: /nix/store/g8nh6vzamycdfxydwrmwkcc36fh5imqa-vim-pack-dir/pack/myNeovimPackages/start/luasnip/lua/luasnip/config.lua:116>

Executing BufWipeout Autocommands for "*"
autocommand :call s:BufSurfDelete(str2nr(expand('<abuf>')))

Executing BufWipeout Autocommands for "<buffer=17>"
autocommand <Lua 480: /nix/store/jcyzc7y39jw3bziwdywi97siaasmd87c-neovim-unwrapped-0.10.3/share/nvim/runtime/lua/vim/diagnostic.lua:329>

auto-removing autocommand: BufDelete <buffer=17>
auto-removing autocommand: BufDelete <buffer=17>
auto-removing autocommand: BufWipeout <buffer=17>
auto-removing autocommand: VimResized <buffer=17>
Executing WinEnter Autocommands for "*"
autocommand <Lua 116: /nix/store/g8nh6vzamycdfxydwrmwkcc36fh5imqa-vim-pack-dir/pack/myNeovimPackages/start/CopilotChat.nvim/lua/CopilotChat/init.lua:1408>

Executing WinEnter Autocommands for "*"
autocommand call s:dopopd()

Executing WinEnter Autocommands for "*"
autocommand call s:Highlight_Matching_Pair()

Executing WinEnter Autocommands for "*"
autocommand :call s:BufSurfAppend(winbufnr(winnr()))

Executing BufEnter Autocommands for "*"
autocommand sil call s:LocalBrowse(expand("<amatch>"))

Executing BufEnter Autocommands for "*"
autocommand :call s:BufSurfAppend(winbufnr(winnr()))

Executing BufEnter Autocommands for "*"
autocommand <Lua 162: /nix/store/g8nh6vzamycdfxydwrmwkcc36fh5imqa-vim-pack-dir/pack/myNeovimPackages/start/vimplugin-eyeliner/lua/eyeliner/shared.lua:66>

autocommand <Lua 155: /nix/store/g8nh6vzamycdfxydwrmwkcc36fh5imqa-vim-pack-dir/pack/myNeovimPackages/start/vimplugin-eyeliner/lua/eyeliner/on-key.lua:40>

Executing BufEnter Autocommands for "*"
autocommand lua require'lualine.components.branch.git_branch'.find_git_dir()

autocommand lua require'lualine.components.diff.git_diff'.update_diff_args()

Executing BufEnter Autocommands for "*"
autocommand <Lua 293: /nix/store/g8nh6vzamycdfxydwrmwkcc36fh5imqa-vim-pack-dir/pack/myNeovimPackages/start/which-key.nvim/lua/which-key/state.lua:145>

Executing BufNew Autocommands for "*"
autocommand <Lua 292: /nix/store/g8nh6vzamycdfxydwrmwkcc36fh5imqa-vim-pack-dir/pack/myNeovimPackages/start/which-key.nvim/lua/which-key/state.lua:135>

Executing BufLeave Autocommands for "*"
autocommand call s:Remove_Matches()

Executing BufLeave Autocommands for "*"
autocommand if &ft != "netrw"|let w:netrw_prvfile= expand("%:p")|endif

Reading ShaDa file "/home/ulins/.local/state/nvim/shada/main.shada" marks
Reading undo file: /home/ulins/.local/state/nvim/undo/%home%ulins%tempura%src%matrix2%storage%block.h
Executing BufReadPost Autocommands for "*"
autocommand <Lua 79: /nix/store/g8nh6vzamycdfxydwrmwkcc36fh5imqa-vim-pack-dir/pack/myNeovimPackages/start/gitsigns.nvim/lua/gitsigns.lua:148>

Executing BufReadPost Autocommands for "*"
autocommand <Lua 147: /nix/store/g8nh6vzamycdfxydwrmwkcc36fh5imqa-vim-pack-dir/pack/myNeovimPackages/start/vimplugin-diagflow/lua/diagflow/lazy.lua:67>

Executing BufReadPost Autocommands for "*"
autocommand <Lua 172: /nix/store/jcyzc7y39jw3bziwdywi97siaasmd87c-neovim-unwrapped-0.10.3/share/nvim/runtime/filetype.lua:10>

Executing FileType Autocommands for "*"
autocommand call s:LoadFTPlugin()

line 20: sourcing "/nix/store/jcyzc7y39jw3bziwdywi97siaasmd87c-neovim-unwrapped-0.10.3/share/nvim/runtime/ftplugin/cpp.vim"
line 14: sourcing "/nix/store/jcyzc7y39jw3bziwdywi97siaasmd87c-neovim-unwrapped-0.10.3/share/nvim/runtime/ftplugin/c.vim"
finished sourcing /nix/store/jcyzc7y39jw3bziwdywi97siaasmd87c-neovim-unwrapped-0.10.3/share/nvim/runtime/ftplugin/c.vim
continuing in /nix/store/jcyzc7y39jw3bziwdywi97siaasmd87c-neovim-unwrapped-0.10.3/share/nvim/runtime/ftplugin/cpp.vim
line 14: sourcing "/nix/store/jcyzc7y39jw3bziwdywi97siaasmd87c-neovim-unwrapped-0.10.3/share/nvim/runtime/ftplugin/c.lua"
finished sourcing /nix/store/jcyzc7y39jw3bziwdywi97siaasmd87c-neovim-unwrapped-0.10.3/share/nvim/runtime/ftplugin/c.lua
continuing in /nix/store/jcyzc7y39jw3bziwdywi97siaasmd87c-neovim-unwrapped-0.10.3/share/nvim/runtime/ftplugin/cpp.vim
finished sourcing /nix/store/jcyzc7y39jw3bziwdywi97siaasmd87c-neovim-unwrapped-0.10.3/share/nvim/runtime/ftplugin/cpp.vim
continuing in <SNR>2_LoadFTPlugin
Executing FileType Autocommands for "*"
autocommand call s:LoadIndent()

line 15: sourcing "/nix/store/jcyzc7y39jw3bziwdywi97siaasmd87c-neovim-unwrapped-0.10.3/share/nvim/runtime/indent/cpp.vim"
finished sourcing /nix/store/jcyzc7y39jw3bziwdywi97siaasmd87c-neovim-unwrapped-0.10.3/share/nvim/runtime/indent/cpp.vim
continuing in <SNR>3_LoadIndent
Executing FileType Autocommands for "cpp"
autocommand <Lua 131: /nix/store/g8nh6vzamycdfxydwrmwkcc36fh5imqa-vim-pack-dir/pack/myNeovimPackages/start/nvim-lspconfig/lua/lspconfig/configs.lua:111>

Executing LspAttach Autocommands for "*"
autocommand <Lua 89: /nix/store/g8nh6vzamycdfxydwrmwkcc36fh5imqa-vim-pack-dir/pack/myNeovimPackages/start/copilot-cmp/lua/copilot_cmp/init.lua:55>

Executing LspAttach Autocommands for "*"
autocommand <Lua 122: /nix/store/jrp189vj3vjcwlawcm6s4kgmhkzd2yw6-init.lua:455>

Executing LspAttach Autocommands for "*"
autocommand <Lua 289: /nix/store/g8nh6vzamycdfxydwrmwkcc36fh5imqa-vim-pack-dir/pack/myNeovimPackages/start/which-key.nvim/lua/which-key/state.lua:126>

Executing FileType Autocommands for "*"
autocommand <Lua 144: vim/_editor.lua:0>

Executing FileType Autocommands for "*"
autocommand if !exists('b:ts_highlight') | 0verbose exe "set syntax=" . expand("<amatch>") | endif

Executing FileType Autocommands for "*"
autocommand <Lua 212: /nix/store/1ws2s7msvijzjkzfsdmdj5f6wj91mrim-vimplugin-lua5.1-luasnip-2.3.0-1-unstable-2024-12-02/plugin/luasnip.lua:77>

Executing FileType Autocommands for "*"
autocommand <Lua 223: /nix/store/g8nh6vzamycdfxydwrmwkcc36fh5imqa-vim-pack-dir/pack/myNeovimPackages/start/nvim-treesitter/lua/nvim-treesitter/configs.lua:132>

Executing Syntax Autocommands for "*"
autocommand call s:SynSet()

Executing FileType Autocommands for "*"
autocommand <Lua 224: /nix/store/g8nh6vzamycdfxydwrmwkcc36fh5imqa-vim-pack-dir/pack/myNeovimPackages/start/nvim-treesitter/lua/nvim-treesitter/configs.lua:132>

Executing FileType Autocommands for "*"
autocommand <Lua 226: /nix/store/g8nh6vzamycdfxydwrmwkcc36fh5imqa-vim-pack-dir/pack/myNeovimPackages/start/nvim-treesitter/lua/nvim-treesitter/configs.lua:132>

Executing FileType Autocommands for "*"
autocommand <Lua 227: /nix/store/g8nh6vzamycdfxydwrmwkcc36fh5imqa-vim-pack-dir/pack/myNeovimPackages/start/nvim-treesitter/lua/nvim-treesitter/configs.lua:132>

Executing FileType Autocommands for "*"
autocommand <Lua 229: /nix/store/9zwacxhfaj87k25ryhd1p4m1ly5ahr2k-vimplugin-rainbow-delimiters.nvim-2024-12-15/plugin/rainbow-delimiters.lua:59>

Executing FileType Autocommands for "*"
autocommand <Lua 233: /nix/store/g8nh6vzamycdfxydwrmwkcc36fh5imqa-vim-pack-dir/pack/myNeovimPackages/start/nvim-treesitter/lua/nvim-treesitter/configs.lua:132>

Executing BufReadPost Autocommands for "*"
autocommand if !did_filetype() && expand('<amatch>') !~ g:ft_ignore_pat | runtime! scripts.vim | endif

Executing BufReadPost Autocommands for "*"
autocommand <Lua 176: /nix/store/jcyzc7y39jw3bziwdywi97siaasmd87c-neovim-unwrapped-0.10.3/share/nvim/runtime/plugin/editorconfig.lua:4>

Executing BufReadPost Autocommands for "*"
autocommand <Lua 291: /nix/store/g8nh6vzamycdfxydwrmwkcc36fh5imqa-vim-pack-dir/pack/myNeovimPackages/start/which-key.nvim/lua/which-key/state.lua:135>

Executing BufEnter Autocommands for "*"
autocommand sil call s:LocalBrowse(expand("<amatch>"))

Executing BufEnter Autocommands for "*"
autocommand :call s:BufSurfAppend(winbufnr(winnr()))

Executing BufEnter Autocommands for "*"
autocommand <Lua 162: /nix/store/g8nh6vzamycdfxydwrmwkcc36fh5imqa-vim-pack-dir/pack/myNeovimPackages/start/vimplugin-eyeliner/lua/eyeliner/shared.lua:66>

autocommand <Lua 155: /nix/store/g8nh6vzamycdfxydwrmwkcc36fh5imqa-vim-pack-dir/pack/myNeovimPackages/start/vimplugin-eyeliner/lua/eyeliner/on-key.lua:40>

Executing BufEnter Autocommands for "*"
autocommand lua require'lualine.components.branch.git_branch'.find_git_dir()

autocommand lua require'lualine.components.diff.git_diff'.update_diff_args()

Executing BufEnter Autocommands for "*"
autocommand <Lua 293: /nix/store/g8nh6vzamycdfxydwrmwkcc36fh5imqa-vim-pack-dir/pack/myNeovimPackages/start/which-key.nvim/lua/which-key/state.lua:145>

Executing BufWinEnter Autocommands for "*"
autocommand <Lua 50: /nix/store/g8nh6vzamycdfxydwrmwkcc36fh5imqa-vim-pack-dir/pack/myNeovimPackages/start/telescope-frecency.nvim/lua/frecency/init.lua:82>

Executing BufWinEnter Autocommands for "*"
autocommand autocmd SafeState * ++once call s:Highlight_Matching_Pair()

Executing BufWinEnter Autocommands for "*"
autocommand <Lua 211: /nix/store/1ws2s7msvijzjkzfsdmdj5f6wj91mrim-vimplugin-lua5.1-luasnip-2.3.0-1-unstable-2024-12-02/plugin/luasnip.lua:77>

Executing BufWinEnter Autocommands for "*"
autocommand <Lua 161: /nix/store/g8nh6vzamycdfxydwrmwkcc36fh5imqa-vim-pack-dir/pack/myNeovimPackages/start/vimplugin-eyeliner/lua/eyeliner/shared.lua:66>

Executing BufWinEnter Autocommands for "*"
autocommand <Lua 269: vim/_editor.lua:0>

Executing CursorMoved Autocommands for "*"
autocommand <Lua 148: /nix/store/g8nh6vzamycdfxydwrmwkcc36fh5imqa-vim-pack-dir/pack/myNeovimPackages/start/vimplugin-diagflow/lua/diagflow/lazy.lua:122>

Executing CursorMoved Autocommands for "*"
autocommand call s:Highlight_Matching_Pair()

Executing CursorMoved Autocommands for "*"
autocommand <Lua 235: /nix/store/g8nh6vzamycdfxydwrmwkcc36fh5imqa-vim-pack-dir/pack/myNeovimPackages/start/vim-illuminate/lua/illuminate/engine.lua:49>

Executing CursorMoved Autocommands for "*"
autocommand <Lua 160: /nix/store/g8nh6vzamycdfxydwrmwkcc36fh5imqa-vim-pack-dir/pack/myNeovimPackages/start/vimplugin-eyeliner/lua/eyeliner/on-key.lua:89>

Executing CursorMoved Autocommands for "*"
autocommand <Lua 270: vim/_editor.lua:0>

Executing SafeState Autocommands for "*"
autocommand call s:Highlight_Matching_Pair()

not found in runtime path: "queries/comment/rainbow-delimiters.scm"
Executing LspAttach Autocommands for "*"
autocommand <Lua 89: /nix/store/g8nh6vzamycdfxydwrmwkcc36fh5imqa-vim-pack-dir/pack/myNeovimPackages/start/copilot-cmp/lua/copilot_cmp/init.lua:55>

Executing LspAttach Autocommands for "*"
autocommand <Lua 122: /nix/store/jrp189vj3vjcwlawcm6s4kgmhkzd2yw6-init.lua:455>

Executing LspAttach Autocommands for "*"
autocommand <Lua 289: /nix/store/g8nh6vzamycdfxydwrmwkcc36fh5imqa-vim-pack-dir/pack/myNeovimPackages/start/which-key.nvim/lua/which-key/state.lua:126>

Executing DiagnosticChanged Autocommands for "*"
autocommand <Lua 146: /nix/store/g8nh6vzamycdfxydwrmwkcc36fh5imqa-vim-pack-dir/pack/myNeovimPackages/start/vimplugin-diagflow/lua/diagflow/lazy.lua:67>

autocommand <Lua 149: /nix/store/g8nh6vzamycdfxydwrmwkcc36fh5imqa-vim-pack-dir/pack/myNeovimPackages/start/vimplugin-diagflow/lua/diagflow/lazy.lua:122>

Executing CursorMoved Autocommands for "*"
autocommand <Lua 148: /nix/store/g8nh6vzamycdfxydwrmwkcc36fh5imqa-vim-pack-dir/pack/myNeovimPackages/start/vimplugin-diagflow/lua/diagflow/lazy.lua:122>

Executing CursorMoved Autocommands for "*"
autocommand call s:Highlight_Matching_Pair()

Executing CursorMoved Autocommands for "*"
autocommand <Lua 235: /nix/store/g8nh6vzamycdfxydwrmwkcc36fh5imqa-vim-pack-dir/pack/myNeovimPackages/start/vim-illuminate/lua/illuminate/engine.lua:49>

Executing CursorMoved Autocommands for "*"
autocommand <Lua 160: /nix/store/g8nh6vzamycdfxydwrmwkcc36fh5imqa-vim-pack-dir/pack/myNeovimPackages/start/vimplugin-eyeliner/lua/eyeliner/on-key.lua:89>

Executing CursorMoved Autocommands for "*"
autocommand <Lua 270: vim/_editor.lua:0>

not found in runtime path: "queries/comment/folds.scm"
not found in runtime path: "queries/comment/locals.scm"
Executing InsertEnter Autocommands for "*"
autocommand <Lua 39: /nix/store/g8nh6vzamycdfxydwrmwkcc36fh5imqa-vim-pack-dir/pack/myNeovimPackages/start/nvim-cmp/lua/cmp/utils/autocmd.lua:22>

Executing InsertEnter Autocommands for "*"
autocommand <Lua 88: /nix/store/g8nh6vzamycdfxydwrmwkcc36fh5imqa-vim-pack-dir/pack/myNeovimPackages/start/copilot-cmp/lua/copilot_cmp/init.lua:55>

Executing InsertEnter Autocommands for "*"
autocommand <Lua 257: /nix/store/g8nh6vzamycdfxydwrmwkcc36fh5imqa-vim-pack-dir/pack/myNeovimPackages/start/cmp-nvim-lsp/lua/cmp_nvim_lsp/init.lua:97>

Executing ModeChanged Autocommands for "*"
autocommand <Lua 237: /nix/store/g8nh6vzamycdfxydwrmwkcc36fh5imqa-vim-pack-dir/pack/myNeovimPackages/start/vim-illuminate/lua/illuminate/engine.lua:49>

Executing ModeChanged Autocommands for "*"
autocommand <Lua 282: /nix/store/g8nh6vzamycdfxydwrmwkcc36fh5imqa-vim-pack-dir/pack/myNeovimPackages/start/which-key.nvim/lua/which-key/state.lua:93>


Executing CursorMovedI Autocommands for "*"
autocommand <Lua 43: /nix/store/g8nh6vzamycdfxydwrmwkcc36fh5imqa-vim-pack-dir/pack/myNeovimPackages/start/nvim-cmp/lua/cmp/utils/autocmd.lua:22>

Executing CursorMovedI Autocommands for "*"
autocommand call s:Highlight_Matching_Pair()

Executing CursorMovedI Autocommands for "*"
autocommand <Lua 236: /nix/store/g8nh6vzamycdfxydwrmwkcc36fh5imqa-vim-pack-dir/pack/myNeovimPackages/start/vim-illuminate/lua/illuminate/engine.lua:49>

Executing CursorMovedI Autocommands for "*"
autocommand <Lua 271: vim/_editor.lua:0>

Executing TextChangedI Autocommands for "*"
autocommand <Lua 40: /nix/store/g8nh6vzamycdfxydwrmwkcc36fh5imqa-vim-pack-dir/pack/myNeovimPackages/start/nvim-cmp/lua/cmp/utils/autocmd.lua:22>

Executing TextChangedI Autocommands for "*"
autocommand call s:Highlight_Matching_Pair()
-- INSERT --
Executing DiagnosticChanged Autocommands for "*"
autocommand <Lua 146: /nix/store/g8nh6vzamycdfxydwrmwkcc36fh5imqa-vim-pack-dir/pack/myNeovimPackages/start/vimplugin-diagflow/lua/diagflow/lazy.lua:67>

autocommand <Lua 149: /nix/store/g8nh6vzamycdfxydwrmwkcc36fh5imqa-vim-pack-dir/pack/myNeovimPackages/start/vimplugin-diagflow/lua/diagflow/lazy.lua:122>

Executing CursorMovedI Autocommands for "*"
autocommand <Lua 43: /nix/store/g8nh6vzamycdfxydwrmwkcc36fh5imqa-vim-pack-dir/pack/myNeovimPackages/start/nvim-cmp/lua/cmp/utils/autocmd.lua:22>

Executing CursorMovedI Autocommands for "*"
autocommand call s:Highlight_Matching_Pair()

Executing CursorMovedI Autocommands for "*"
autocommand <Lua 236: /nix/store/g8nh6vzamycdfxydwrmwkcc36fh5imqa-vim-pack-dir/pack/myNeovimPackages/start/vim-illuminate/lua/illuminate/engine.lua:49>

Executing CursorMovedI Autocommands for "*"
autocommand <Lua 271: vim/_editor.lua:0>

Executing TextChangedI Autocommands for "*"
autocommand <Lua 40: /nix/store/g8nh6vzamycdfxydwrmwkcc36fh5imqa-vim-pack-dir/pack/myNeovimPackages/start/nvim-cmp/lua/cmp/utils/autocmd.lua:22>

Executing TextChangedI Autocommands for "*"
autocommand call s:Highlight_Matching_Pair()

Executing BufNew Autocommands for "*"
autocommand <Lua 292: /nix/store/g8nh6vzamycdfxydwrmwkcc36fh5imqa-vim-pack-dir/pack/myNeovimPackages/start/which-key.nvim/lua/which-key/state.lua:135>

Executing FileType Autocommands for "*"
autocommand call s:LoadFTPlugin()

not found in runtime path: "ftplugin/cmp_menu[.]{vim,lua} ftplugin/cmp_menu_*.{vim,lua} ftplugin/cmp_menu/*.{vim,lua}"
Executing FileType Autocommands for "*"
autocommand call s:LoadIndent()

not found in runtime path: "indent/cmp_menu[.]{vim,lua}"
Executing FileType Autocommands for "*"
autocommand <Lua 144: vim/_editor.lua:0>

Executing FileType Autocommands for "*"
autocommand if !exists('b:ts_highlight') | 0verbose exe "set syntax=" . expand("<amatch>") | endif

Executing FileType Autocommands for "*"
autocommand <Lua 212: /nix/store/1ws2s7msvijzjkzfsdmdj5f6wj91mrim-vimplugin-lua5.1-luasnip-2.3.0-1-unstable-2024-12-02/plugin/luasnip.lua:77>

Executing FileType Autocommands for "*"
autocommand <Lua 223: /nix/store/g8nh6vzamycdfxydwrmwkcc36fh5imqa-vim-pack-dir/pack/myNeovimPackages/start/nvim-treesitter/lua/nvim-treesitter/configs.lua:132>

not found in runtime path: "parser/cmp_menu.*"
Executing FileType Autocommands for "*"
autocommand <Lua 224: /nix/store/g8nh6vzamycdfxydwrmwkcc36fh5imqa-vim-pack-dir/pack/myNeovimPackages/start/nvim-treesitter/lua/nvim-treesitter/configs.lua:132>

Executing FileType Autocommands for "*"
autocommand <Lua 226: /nix/store/g8nh6vzamycdfxydwrmwkcc36fh5imqa-vim-pack-dir/pack/myNeovimPackages/start/nvim-treesitter/lua/nvim-treesitter/configs.lua:132>

Executing FileType Autocommands for "*"
autocommand <Lua 227: /nix/store/g8nh6vzamycdfxydwrmwkcc36fh5imqa-vim-pack-dir/pack/myNeovimPackages/start/nvim-treesitter/lua/nvim-treesitter/configs.lua:132>

Executing FileType Autocommands for "*"
autocommand <Lua 229: /nix/store/9zwacxhfaj87k25ryhd1p4m1ly5ahr2k-vimplugin-rainbow-delimiters.nvim-2024-12-15/plugin/rainbow-delimiters.lua:59>

Executing FileType Autocommands for "*"
autocommand <Lua 233: /nix/store/g8nh6vzamycdfxydwrmwkcc36fh5imqa-vim-pack-dir/pack/myNeovimPackages/start/nvim-treesitter/lua/nvim-treesitter/configs.lua:132>
-- INSERT --
Executing DiagnosticChanged Autocommands for "*"
autocommand <Lua 146: /nix/store/g8nh6vzamycdfxydwrmwkcc36fh5imqa-vim-pack-dir/pack/myNeovimPackages/start/vimplugin-diagflow/lua/diagflow/lazy.lua:67>

autocommand <Lua 149: /nix/store/g8nh6vzamycdfxydwrmwkcc36fh5imqa-vim-pack-dir/pack/myNeovimPackages/start/vimplugin-diagflow/lua/diagflow/lazy.lua:122>
-- INSERT ---- INSERT --
Executing WinResized Autocommands for "*"
autocommand <Lua 150: /nix/store/g8nh6vzamycdfxydwrmwkcc36fh5imqa-vim-pack-dir/pack/myNeovimPackages/start/vimplugin-diagflow/lua/diagflow/lazy.lua:122>

Executing WinScrolled Autocommands for "*"
autocommand call s:Highlight_Matching_Pair()

Executing WinScrolled Autocommands for "*"
autocommand <Lua 273: /nix/store/g8nh6vzamycdfxydwrmwkcc36fh5imqa-vim-pack-dir/pack/myNeovimPackages/start/snacks.nvim/lua/snacks/scroll.lua:149>

Executing CursorMovedI Autocommands for "*"
autocommand <Lua 43: /nix/store/g8nh6vzamycdfxydwrmwkcc36fh5imqa-vim-pack-dir/pack/myNeovimPackages/start/nvim-cmp/lua/cmp/utils/autocmd.lua:22>

Executing CursorMovedI Autocommands for "*"
autocommand call s:Highlight_Matching_Pair()

Executing CursorMovedI Autocommands for "*"
autocommand <Lua 236: /nix/store/g8nh6vzamycdfxydwrmwkcc36fh5imqa-vim-pack-dir/pack/myNeovimPackages/start/vim-illuminate/lua/illuminate/engine.lua:49>

Executing CursorMovedI Autocommands for "*"
autocommand <Lua 271: vim/_editor.lua:0>

Executing TextChangedI Autocommands for "*"
autocommand <Lua 40: /nix/store/g8nh6vzamycdfxydwrmwkcc36fh5imqa-vim-pack-dir/pack/myNeovimPackages/start/nvim-cmp/lua/cmp/utils/autocmd.lua:22>

Executing TextChangedI Autocommands for "*"
autocommand call s:Highlight_Matching_Pair()

Executing DiagnosticChanged Autocommands for "*"
autocommand <Lua 146: /nix/store/g8nh6vzamycdfxydwrmwkcc36fh5imqa-vim-pack-dir/pack/myNeovimPackages/start/vimplugin-diagflow/lua/diagflow/lazy.lua:67>

autocommand <Lua 149: /nix/store/g8nh6vzamycdfxydwrmwkcc36fh5imqa-vim-pack-dir/pack/myNeovimPackages/start/vimplugin-diagflow/lua/diagflow/lazy.lua:122>

Executing WinResized Autocommands for "*"
autocommand <Lua 150: /nix/store/g8nh6vzamycdfxydwrmwkcc36fh5imqa-vim-pack-dir/pack/myNeovimPackages/start/vimplugin-diagflow/lua/diagflow/lazy.lua:122>

Executing WinScrolled Autocommands for "*"
autocommand call s:Highlight_Matching_Pair()

Executing WinScrolled Autocommands for "*"
autocommand <Lua 273: /nix/store/g8nh6vzamycdfxydwrmwkcc36fh5imqa-vim-pack-dir/pack/myNeovimPackages/start/snacks.nvim/lua/snacks/scroll.lua:149>
-- INSERT ---- INSERT --
Executing CursorMovedI Autocommands for "*"
autocommand <Lua 43: /nix/store/g8nh6vzamycdfxydwrmwkcc36fh5imqa-vim-pack-dir/pack/myNeovimPackages/start/nvim-cmp/lua/cmp/utils/autocmd.lua:22>

Executing CursorMovedI Autocommands for "*"
autocommand call s:Highlight_Matching_Pair()

Executing CursorMovedI Autocommands for "*"
autocommand <Lua 236: /nix/store/g8nh6vzamycdfxydwrmwkcc36fh5imqa-vim-pack-dir/pack/myNeovimPackages/start/vim-illuminate/lua/illuminate/engine.lua:49>

Executing CursorMovedI Autocommands for "*"
autocommand <Lua 271: vim/_editor.lua:0>

Executing TextChangedI Autocommands for "*"
autocommand <Lua 40: /nix/store/g8nh6vzamycdfxydwrmwkcc36fh5imqa-vim-pack-dir/pack/myNeovimPackages/start/nvim-cmp/lua/cmp/utils/autocmd.lua:22>

Executing TextChangedI Autocommands for "*"
autocommand call s:Highlight_Matching_Pair()

Executing DiagnosticChanged Autocommands for "*"
autocommand <Lua 146: /nix/store/g8nh6vzamycdfxydwrmwkcc36fh5imqa-vim-pack-dir/pack/myNeovimPackages/start/vimplugin-diagflow/lua/diagflow/lazy.lua:67>

autocommand <Lua 149: /nix/store/g8nh6vzamycdfxydwrmwkcc36fh5imqa-vim-pack-dir/pack/myNeovimPackages/start/vimplugin-diagflow/lua/diagflow/lazy.lua:122>

Executing WinResized Autocommands for "*"
autocommand <Lua 150: /nix/store/g8nh6vzamycdfxydwrmwkcc36fh5imqa-vim-pack-dir/pack/myNeovimPackages/start/vimplugin-diagflow/lua/diagflow/lazy.lua:122>

Executing WinScrolled Autocommands for "*"
autocommand call s:Highlight_Matching_Pair()

Executing WinScrolled Autocommands for "*"
autocommand <Lua 273: /nix/store/g8nh6vzamycdfxydwrmwkcc36fh5imqa-vim-pack-dir/pack/myNeovimPackages/start/snacks.nvim/lua/snacks/scroll.lua:149>
-- INSERT ---- INSERT --
Executing CursorMovedI Autocommands for "*"
autocommand <Lua 43: /nix/store/g8nh6vzamycdfxydwrmwkcc36fh5imqa-vim-pack-dir/pack/myNeovimPackages/start/nvim-cmp/lua/cmp/utils/autocmd.lua:22>

Executing CursorMovedI Autocommands for "*"
autocommand call s:Highlight_Matching_Pair()

Executing CursorMovedI Autocommands for "*"
autocommand <Lua 236: /nix/store/g8nh6vzamycdfxydwrmwkcc36fh5imqa-vim-pack-dir/pack/myNeovimPackages/start/vim-illuminate/lua/illuminate/engine.lua:49>

Executing CursorMovedI Autocommands for "*"
autocommand <Lua 271: vim/_editor.lua:0>

Executing TextChangedI Autocommands for "*"
autocommand <Lua 40: /nix/store/g8nh6vzamycdfxydwrmwkcc36fh5imqa-vim-pack-dir/pack/myNeovimPackages/start/nvim-cmp/lua/cmp/utils/autocmd.lua:22>

Executing TextChangedI Autocommands for "*"
autocommand call s:Highlight_Matching_Pair()

Executing DiagnosticChanged Autocommands for "*"
autocommand <Lua 146: /nix/store/g8nh6vzamycdfxydwrmwkcc36fh5imqa-vim-pack-dir/pack/myNeovimPackages/start/vimplugin-diagflow/lua/diagflow/lazy.lua:67>

autocommand <Lua 149: /nix/store/g8nh6vzamycdfxydwrmwkcc36fh5imqa-vim-pack-dir/pack/myNeovimPackages/start/vimplugin-diagflow/lua/diagflow/lazy.lua:122>

Executing WinResized Autocommands for "*"
autocommand <Lua 150: /nix/store/g8nh6vzamycdfxydwrmwkcc36fh5imqa-vim-pack-dir/pack/myNeovimPackages/start/vimplugin-diagflow/lua/diagflow/lazy.lua:122>

Executing WinScrolled Autocommands for "*"
autocommand call s:Highlight_Matching_Pair()

Executing WinScrolled Autocommands for "*"
autocommand <Lua 273: /nix/store/g8nh6vzamycdfxydwrmwkcc36fh5imqa-vim-pack-dir/pack/myNeovimPackages/start/snacks.nvim/lua/snacks/scroll.lua:149>
-- INSERT ---- INSERT --
Executing CursorMovedI Autocommands for "*"
autocommand <Lua 43: /nix/store/g8nh6vzamycdfxydwrmwkcc36fh5imqa-vim-pack-dir/pack/myNeovimPackages/start/nvim-cmp/lua/cmp/utils/autocmd.lua:22>

Executing CursorMovedI Autocommands for "*"
autocommand call s:Highlight_Matching_Pair()

Executing CursorMovedI Autocommands for "*"
autocommand <Lua 236: /nix/store/g8nh6vzamycdfxydwrmwkcc36fh5imqa-vim-pack-dir/pack/myNeovimPackages/start/vim-illuminate/lua/illuminate/engine.lua:49>

Executing CursorMovedI Autocommands for "*"
autocommand <Lua 271: vim/_editor.lua:0>

Executing TextChangedI Autocommands for "*"
autocommand <Lua 40: /nix/store/g8nh6vzamycdfxydwrmwkcc36fh5imqa-vim-pack-dir/pack/myNeovimPackages/start/nvim-cmp/lua/cmp/utils/autocmd.lua:22>

Executing TextChangedI Autocommands for "*"
autocommand call s:Highlight_Matching_Pair()

Executing DiagnosticChanged Autocommands for "*"
autocommand <Lua 146: /nix/store/g8nh6vzamycdfxydwrmwkcc36fh5imqa-vim-pack-dir/pack/myNeovimPackages/start/vimplugin-diagflow/lua/diagflow/lazy.lua:67>

autocommand <Lua 149: /nix/store/g8nh6vzamycdfxydwrmwkcc36fh5imqa-vim-pack-dir/pack/myNeovimPackages/start/vimplugin-diagflow/lua/diagflow/lazy.lua:122>

Executing WinResized Autocommands for "*"
autocommand <Lua 150: /nix/store/g8nh6vzamycdfxydwrmwkcc36fh5imqa-vim-pack-dir/pack/myNeovimPackages/start/vimplugin-diagflow/lua/diagflow/lazy.lua:122>

Executing WinScrolled Autocommands for "*"
autocommand call s:Highlight_Matching_Pair()

Executing WinScrolled Autocommands for "*"
autocommand <Lua 273: /nix/store/g8nh6vzamycdfxydwrmwkcc36fh5imqa-vim-pack-dir/pack/myNeovimPackages/start/snacks.nvim/lua/snacks/scroll.lua:149>
-- INSERT ---- INSERT --
Executing CursorMovedI Autocommands for "*"
autocommand <Lua 43: /nix/store/g8nh6vzamycdfxydwrmwkcc36fh5imqa-vim-pack-dir/pack/myNeovimPackages/start/nvim-cmp/lua/cmp/utils/autocmd.lua:22>

Executing CursorMovedI Autocommands for "*"
autocommand call s:Highlight_Matching_Pair()

Executing CursorMovedI Autocommands for "*"
autocommand <Lua 236: /nix/store/g8nh6vzamycdfxydwrmwkcc36fh5imqa-vim-pack-dir/pack/myNeovimPackages/start/vim-illuminate/lua/illuminate/engine.lua:49>

Executing CursorMovedI Autocommands for "*"
autocommand <Lua 271: vim/_editor.lua:0>

Executing TextChangedI Autocommands for "*"
autocommand <Lua 40: /nix/store/g8nh6vzamycdfxydwrmwkcc36fh5imqa-vim-pack-dir/pack/myNeovimPackages/start/nvim-cmp/lua/cmp/utils/autocmd.lua:22>

Executing TextChangedI Autocommands for "*"
autocommand call s:Highlight_Matching_Pair()

Executing DiagnosticChanged Autocommands for "*"
autocommand <Lua 146: /nix/store/g8nh6vzamycdfxydwrmwkcc36fh5imqa-vim-pack-dir/pack/myNeovimPackages/start/vimplugin-diagflow/lua/diagflow/lazy.lua:67>

autocommand <Lua 149: /nix/store/g8nh6vzamycdfxydwrmwkcc36fh5imqa-vim-pack-dir/pack/myNeovimPackages/start/vimplugin-diagflow/lua/diagflow/lazy.lua:122>

Executing WinResized Autocommands for "*"
autocommand <Lua 150: /nix/store/g8nh6vzamycdfxydwrmwkcc36fh5imqa-vim-pack-dir/pack/myNeovimPackages/start/vimplugin-diagflow/lua/diagflow/lazy.lua:122>

Executing WinScrolled Autocommands for "*"
autocommand call s:Highlight_Matching_Pair()

Executing WinScrolled Autocommands for "*"
autocommand <Lua 273: /nix/store/g8nh6vzamycdfxydwrmwkcc36fh5imqa-vim-pack-dir/pack/myNeovimPackages/start/snacks.nvim/lua/snacks/scroll.lua:149>
-- INSERT ---- INSERT --
Executing CursorMovedI Autocommands for "*"
autocommand <Lua 43: /nix/store/g8nh6vzamycdfxydwrmwkcc36fh5imqa-vim-pack-dir/pack/myNeovimPackages/start/nvim-cmp/lua/cmp/utils/autocmd.lua:22>

Executing CursorMovedI Autocommands for "*"
autocommand call s:Highlight_Matching_Pair()

Executing CursorMovedI Autocommands for "*"
autocommand <Lua 236: /nix/store/g8nh6vzamycdfxydwrmwkcc36fh5imqa-vim-pack-dir/pack/myNeovimPackages/start/vim-illuminate/lua/illuminate/engine.lua:49>

Executing CursorMovedI Autocommands for "*"
autocommand <Lua 271: vim/_editor.lua:0>

Executing TextChangedI Autocommands for "*"
autocommand <Lua 40: /nix/store/g8nh6vzamycdfxydwrmwkcc36fh5imqa-vim-pack-dir/pack/myNeovimPackages/start/nvim-cmp/lua/cmp/utils/autocmd.lua:22>

Executing TextChangedI Autocommands for "*"
autocommand call s:Highlight_Matching_Pair()

Executing DiagnosticChanged Autocommands for "*"
autocommand <Lua 146: /nix/store/g8nh6vzamycdfxydwrmwkcc36fh5imqa-vim-pack-dir/pack/myNeovimPackages/start/vimplugin-diagflow/lua/diagflow/lazy.lua:67>

autocommand <Lua 149: /nix/store/g8nh6vzamycdfxydwrmwkcc36fh5imqa-vim-pack-dir/pack/myNeovimPackages/start/vimplugin-diagflow/lua/diagflow/lazy.lua:122>

Executing WinResized Autocommands for "*"
autocommand <Lua 150: /nix/store/g8nh6vzamycdfxydwrmwkcc36fh5imqa-vim-pack-dir/pack/myNeovimPackages/start/vimplugin-diagflow/lua/diagflow/lazy.lua:122>

Executing WinScrolled Autocommands for "*"
autocommand call s:Highlight_Matching_Pair()

Executing WinScrolled Autocommands for "*"
autocommand <Lua 273: /nix/store/g8nh6vzamycdfxydwrmwkcc36fh5imqa-vim-pack-dir/pack/myNeovimPackages/start/snacks.nvim/lua/snacks/scroll.lua:149>
-- INSERT ---- INSERT --
Executing ModeChanged Autocommands for "*"
autocommand <Lua 237: /nix/store/g8nh6vzamycdfxydwrmwkcc36fh5imqa-vim-pack-dir/pack/myNeovimPackages/start/vim-illuminate/lua/illuminate/engine.lua:49>

Executing ModeChanged Autocommands for "*"
autocommand <Lua 282: /nix/store/g8nh6vzamycdfxydwrmwkcc36fh5imqa-vim-pack-dir/pack/myNeovimPackages/start/which-key.nvim/lua/which-key/state.lua:93>


Executing InsertLeave Autocommands for "*"
autocommand <Lua 44: /nix/store/g8nh6vzamycdfxydwrmwkcc36fh5imqa-vim-pack-dir/pack/myNeovimPackages/start/nvim-cmp/lua/cmp/utils/autocmd.lua:22>

Executing InsertLeave Autocommands for "*"
autocommand <Lua 62: /nix/store/g8nh6vzamycdfxydwrmwkcc36fh5imqa-vim-pack-dir/pack/myNeovimPackages/start/luasnip/lua/luasnip/init.lua:485>

Executing InsertLeave Autocommands for "<buffer=26>"
autocommand <Lua 410: /nix/store/jcyzc7y39jw3bziwdywi97siaasmd87c-neovim-unwrapped-0.10.3/share/nvim/runtime/lua/vim/lsp/semantic_tokens.lua:200>

Executing InsertLeave Autocommands for "<buffer=26>"
autocommand <Lua 495: /nix/store/jcyzc7y39jw3bziwdywi97siaasmd87c-neovim-unwrapped-0.10.3/share/nvim/runtime/lua/vim/diagnostic.lua:673>

Executing CursorMoved Autocommands for "*"
autocommand <Lua 148: /nix/store/g8nh6vzamycdfxydwrmwkcc36fh5imqa-vim-pack-dir/pack/myNeovimPackages/start/vimplugin-diagflow/lua/diagflow/lazy.lua:122>

Executing CursorMoved Autocommands for "*"
autocommand call s:Highlight_Matching_Pair()

Executing CursorMoved Autocommands for "*"
autocommand <Lua 235: /nix/store/g8nh6vzamycdfxydwrmwkcc36fh5imqa-vim-pack-dir/pack/myNeovimPackages/start/vim-illuminate/lua/illuminate/engine.lua:49>

Executing CursorMoved Autocommands for "*"
autocommand <Lua 160: /nix/store/g8nh6vzamycdfxydwrmwkcc36fh5imqa-vim-pack-dir/pack/myNeovimPackages/start/vimplugin-eyeliner/lua/eyeliner/on-key.lua:89>

Executing CursorMoved Autocommands for "*"
autocommand <Lua 270: vim/_editor.lua:0>

Executing ModeChanged Autocommands for "*"
autocommand <Lua 237: /nix/store/g8nh6vzamycdfxydwrmwkcc36fh5imqa-vim-pack-dir/pack/myNeovimPackages/start/vim-illuminate/lua/illuminate/engine.lua:49>

Executing ModeChanged Autocommands for "*"
autocommand <Lua 282: /nix/store/g8nh6vzamycdfxydwrmwkcc36fh5imqa-vim-pack-dir/pack/myNeovimPackages/start/which-key.nvim/lua/which-key/state.lua:93>

Executing ModeChanged Autocommands for "*"
autocommand <Lua 237: /nix/store/g8nh6vzamycdfxydwrmwkcc36fh5imqa-vim-pack-dir/pack/myNeovimPackages/start/vim-illuminate/lua/illuminate/engine.lua:49>

Executing ModeChanged Autocommands for "*"
autocommand <Lua 282: /nix/store/g8nh6vzamycdfxydwrmwkcc36fh5imqa-vim-pack-dir/pack/myNeovimPackages/start/which-key.nvim/lua/which-key/state.lua:93>

Executing CursorMoved Autocommands for "*"
autocommand <Lua 148: /nix/store/g8nh6vzamycdfxydwrmwkcc36fh5imqa-vim-pack-dir/pack/myNeovimPackages/start/vimplugin-diagflow/lua/diagflow/lazy.lua:122>

Executing CursorMoved Autocommands for "*"
autocommand call s:Highlight_Matching_Pair()

Executing CursorMoved Autocommands for "*"
autocommand <Lua 235: /nix/store/g8nh6vzamycdfxydwrmwkcc36fh5imqa-vim-pack-dir/pack/myNeovimPackages/start/vim-illuminate/lua/illuminate/engine.lua:49>

Executing CursorMoved Autocommands for "*"
autocommand <Lua 160: /nix/store/g8nh6vzamycdfxydwrmwkcc36fh5imqa-vim-pack-dir/pack/myNeovimPackages/start/vimplugin-eyeliner/lua/eyeliner/on-key.lua:89>

Executing CursorMoved Autocommands for "*"
autocommand <Lua 270: vim/_editor.lua:0>

Executing TextChanged Autocommands for "*"
autocommand call s:Highlight_Matching_Pair()

Executing TextChanged Autocommands for "*"
autocommand <Lua 238: /nix/store/g8nh6vzamycdfxydwrmwkcc36fh5imqa-vim-pack-dir/pack/myNeovimPackages/start/vim-illuminate/lua/illuminate/engine.lua:49>

Executing DiagnosticChanged Autocommands for "*"
autocommand <Lua 146: /nix/store/g8nh6vzamycdfxydwrmwkcc36fh5imqa-vim-pack-dir/pack/myNeovimPackages/start/vimplugin-diagflow/lua/diagflow/lazy.lua:67>

autocommand <Lua 149: /nix/store/g8nh6vzamycdfxydwrmwkcc36fh5imqa-vim-pack-dir/pack/myNeovimPackages/start/vimplugin-diagflow/lua/diagflow/lazy.lua:122>

Executing ModeChanged Autocommands for "*"
autocommand <Lua 237: /nix/store/g8nh6vzamycdfxydwrmwkcc36fh5imqa-vim-pack-dir/pack/myNeovimPackages/start/vim-illuminate/lua/illuminate/engine.lua:49>

Executing ModeChanged Autocommands for "*"
autocommand <Lua 282: /nix/store/g8nh6vzamycdfxydwrmwkcc36fh5imqa-vim-pack-dir/pack/myNeovimPackages/start/which-key.nvim/lua/which-key/state.lua:93>

Executing ModeChanged Autocommands for "*"
autocommand <Lua 237: /nix/store/g8nh6vzamycdfxydwrmwkcc36fh5imqa-vim-pack-dir/pack/myNeovimPackages/start/vim-illuminate/lua/illuminate/engine.lua:49>

Executing ModeChanged Autocommands for "*"
autocommand <Lua 282: /nix/store/g8nh6vzamycdfxydwrmwkcc36fh5imqa-vim-pack-dir/pack/myNeovimPackages/start/which-key.nvim/lua/which-key/state.lua:93>

Executing CursorMoved Autocommands for "*"
autocommand <Lua 148: /nix/store/g8nh6vzamycdfxydwrmwkcc36fh5imqa-vim-pack-dir/pack/myNeovimPackages/start/vimplugin-diagflow/lua/diagflow/lazy.lua:122>

Executing CursorMoved Autocommands for "*"
autocommand call s:Highlight_Matching_Pair()

Executing CursorMoved Autocommands for "*"
autocommand <Lua 235: /nix/store/g8nh6vzamycdfxydwrmwkcc36fh5imqa-vim-pack-dir/pack/myNeovimPackages/start/vim-illuminate/lua/illuminate/engine.lua:49>

Executing CursorMoved Autocommands for "*"
autocommand <Lua 160: /nix/store/g8nh6vzamycdfxydwrmwkcc36fh5imqa-vim-pack-dir/pack/myNeovimPackages/start/vimplugin-eyeliner/lua/eyeliner/on-key.lua:89>

Executing CursorMoved Autocommands for "*"
autocommand <Lua 270: vim/_editor.lua:0>

Executing TextChanged Autocommands for "*"
autocommand call s:Highlight_Matching_Pair()

Executing TextChanged Autocommands for "*"
autocommand <Lua 238: /nix/store/g8nh6vzamycdfxydwrmwkcc36fh5imqa-vim-pack-dir/pack/myNeovimPackages/start/vim-illuminate/lua/illuminate/engine.lua:49>

Executing DiagnosticChanged Autocommands for "*"
autocommand <Lua 146: /nix/store/g8nh6vzamycdfxydwrmwkcc36fh5imqa-vim-pack-dir/pack/myNeovimPackages/start/vimplugin-diagflow/lua/diagflow/lazy.lua:67>

autocommand <Lua 149: /nix/store/g8nh6vzamycdfxydwrmwkcc36fh5imqa-vim-pack-dir/pack/myNeovimPackages/start/vimplugin-diagflow/lua/diagflow/lazy.lua:122>

Executing ModeChanged Autocommands for "*"
autocommand <Lua 237: /nix/store/g8nh6vzamycdfxydwrmwkcc36fh5imqa-vim-pack-dir/pack/myNeovimPackages/start/vim-illuminate/lua/illuminate/engine.lua:49>

Executing ModeChanged Autocommands for "*"
autocommand <Lua 282: /nix/store/g8nh6vzamycdfxydwrmwkcc36fh5imqa-vim-pack-dir/pack/myNeovimPackages/start/which-key.nvim/lua/which-key/state.lua:93>


Executing BufWritePre Autocommands for "<buffer=26>"
autocommand <Lua 415: /nix/store/jcyzc7y39jw3bziwdywi97siaasmd87c-neovim-unwrapped-0.10.3/share/nvim/runtime/lua/vim/lsp.lua:541>

Executing BufWritePre Autocommands for "<buffer=26>"
autocommand <Lua 497: /nix/store/jcyzc7y39jw3bziwdywi97siaasmd87c-neovim-unwrapped-0.10.3/share/nvim/runtime/lua/editorconfig.lua:156>

"~/tempura/src/matrix2/storage/block.h" 
"~/tempura/src/matrix2/storage/block.h" 47L, 1295B written
Writing undo file: /home/ulins/.local/state/nvim/undo/%home%ulins%tempura%src%matrix2%storage%block.h
Executing BufWritePost Autocommands for "*"
autocommand <Lua 51: /nix/store/g8nh6vzamycdfxydwrmwkcc36fh5imqa-vim-pack-dir/pack/myNeovimPackages/start/telescope-frecency.nvim/lua/frecency/init.lua:82>

Executing BufWritePost Autocommands for "*"
autocommand <Lua 59: /nix/store/g8nh6vzamycdfxydwrmwkcc36fh5imqa-vim-pack-dir/pack/myNeovimPackages/start/luasnip/lua/luasnip/loaders/fs_watchers.lua:66>

Executing BufWritePost Autocommands for "*"
autocommand <Lua 81: /nix/store/g8nh6vzamycdfxydwrmwkcc36fh5imqa-vim-pack-dir/pack/myNeovimPackages/start/gitsigns.nvim/lua/gitsigns.lua:148>

Executing BufWritePost Autocommands for "*"
autocommand <Lua 140: /nix/store/g8nh6vzamycdfxydwrmwkcc36fh5imqa-vim-pack-dir/pack/myNeovimPackages/start/diffview.nvim/lua/diffview/init.lua:70>

Executing BufWritePost Autocommands for "*"
autocommand <Lua 239: /nix/store/g8nh6vzamycdfxydwrmwkcc36fh5imqa-vim-pack-dir/pack/myNeovimPackages/start/vim-illuminate/lua/illuminate/engine.lua:59>

Executing BufWritePost Autocommands for "*"
autocommand lua require'lualine.components.diff.git_diff'.update_git_diff()

Executing BufWritePost Autocommands for "<buffer=26>"
autocommand <Lua 416: /nix/store/jcyzc7y39jw3bziwdywi97siaasmd87c-neovim-unwrapped-0.10.3/share/nvim/runtime/lua/vim/lsp.lua:568>

Executing BufUnload Autocommands for "*"
autocommand <Lua 230: /nix/store/9zwacxhfaj87k25ryhd1p4m1ly5ahr2k-vimplugin-rainbow-delimiters.nvim-2024-12-15/plugin/rainbow-delimiters.lua:72>

Executing BufUnload Autocommands for "*"
autocommand <Lua 230: /nix/store/9zwacxhfaj87k25ryhd1p4m1ly5ahr2k-vimplugin-rainbow-delimiters.nvim-2024-12-15/plugin/rainbow-delimiters.lua:72>

Executing BufUnload Autocommands for "*"
autocommand <Lua 230: /nix/store/9zwacxhfaj87k25ryhd1p4m1ly5ahr2k-vimplugin-rainbow-delimiters.nvim-2024-12-15/plugin/rainbow-delimiters.lua:72>

Executing VimLeavePre Autocommands for "*"
autocommand <Lua 30: /nix/store/g8nh6vzamycdfxydwrmwkcc36fh5imqa-vim-pack-dir/pack/myNeovimPackages/start/nvim-cmp/lua/cmp/utils/async.lua:17>

autocommand <Lua 54: /nix/store/jcyzc7y39jw3bziwdywi97siaasmd87c-neovim-unwrapped-0.10.3/share/nvim/runtime/lua/vim/lsp.lua:797>

autocommand <Lua 136: /nix/store/g8nh6vzamycdfxydwrmwkcc36fh5imqa-vim-pack-dir/pack/myNeovimPackages/start/diffview.nvim/lua/diffview/logger.lua:131>

Executing VimLeavePre Autocommands for "*"
autocommand <Lua 392: /nix/store/g8nh6vzamycdfxydwrmwkcc36fh5imqa-vim-pack-dir/pack/myNeovimPackages/start/gitsigns.nvim/lua/gitsigns/attach.lua:375>

Writing ShaDa file "/home/ulins/.local/state/nvim/shada/main.shada"
Executing VimLeave Autocommands for "*"
autocommand <Lua 240: /nix/store/g8nh6vzamycdfxydwrmwkcc36fh5imqa-vim-pack-dir/pack/myNeovimPackages/start/vim-illuminate/lua/illuminate/engine.lua:65>
